{"type": "FeatureCollection", "features": [{"type": "Feature", "properties": {"code": "MAR", "district": "Marowijne"}, "geometry": {"type": "Polygon", "coordinates": [[[-54.69965, 5.9699], [-54.6767, 5.96307], [-54.6651, 5.96208], [-54.64975, 5.95724], [-54.64602, 5.95778], [-54.60665, 5.9481], [-54.58957, 5.94586], [-54.56401, 5.93786], [-54.54993, 5.93529], [-54.52057, 5.93377], [-54.47338, 5.93645], [-54.44825, 5.93467], [-54.40554, 5.92858], [-54.34505, 5.91712], [-54.28054, 5.90047], [-54.2007, 5.88646], [-54.17777, 5.87913], [-54.08587, 5.84093], [-54.03522, 5.8305], [-54.03127, 5.83231], [-54.0249, 5.83183], [-54.01998, 5.8292], [-54.01474, 5.8225], [-54.01426, 5.80883], [-54.01272, 5.80516], [-53.99687, 5.77191], [-53.98477, 5.75302], [-53.98469, 5.74768], [-53.94935, 5.74529], [-53.9522, 5.74321], [-53.95564, 5.72923], [-53.95979, 5.72155], [-53.96738, 5.71646], [-53.9743, 5.69321], [-53.98575, 5.67903], [-53.99631, 5.65405], [-53.99642, 5.64184], [-54.00104, 5.62511], [-53.99882, 5.61549], [-54.00096, 5.60974], [-54.00176, 5.60016], [-54.00071, 5.59001], [-53.99762, 5.58232], [-53.99755, 5.5742], [-54.00211, 5.56373], [-54.00401, 5.53857], [-54.00784, 5.52104], [-54.01584, 5.51062], [-54.033, 5.50532], [-54.03639, 5.49324], [-54.04373, 5.486], [-54.04845, 5.47287], [-54.05582, 5.46624], [-54.06531, 5.46591], [-54.06668, 5.46462], [-54.06616, 5.46288], [-54.05797, 5.45969], [-54.05216, 5.44871], [-54.05188, 5.44351], [-54.05521, 5.42867], [-54.05999, 5.42498], [-54.07438, 5.42186], [-54.08356, 5.40875], [-54.09004, 5.40477], [-54.10205, 5.39357], [-54.10675, 5.39086], [-54.1122, 5.39073], [-54.12232, 5.38547], [-54.13043, 5.3703], [-54.14346, 5.35472], [-54.15166, 5.34816], [-54.17106, 5.33968], [-54.18317, 5.3195], [-54.18295, 5.31658], [-54.18615, 5.31042], [-54.19514, 5.30655], [-54.19762, 5.30317], [-54.20736, 5.29843], [-54.21274, 5.29081], [-54.22039, 5.28404], [-54.23098, 5.28035], [-54.24528, 5.27933], [-54.25677, 5.27508], [-54.26053, 5.27113], [-54.25806, 5.27044], [-54.26077, 5.27005], [-54.27289, 5.2618], [-54.28873, 5.238], [-54.29315, 5.23419], [-54.30649, 5.23575], [-54.31095, 5.23455], [-54.31131, 5.23628], [-54.31524, 5.23525], [-54.31812, 5.23722], [-54.31891, 5.23595], [-54.31946, 5.23714], [-54.32486, 5.23534], [-54.32834, 5.23664], [-54.33171, 5.23383], [-54.33398, 5.23561], [-54.33677, 5.23477], [-54.33956, 5.2379], [-54.34314, 5.23488], [-54.34906, 5.24021], [-54.35253, 5.2392], [-54.35975, 5.24256], [-54.36348, 5.24262], [-54.36968, 5.24709], [-54.37286, 5.24757], [-54.37567, 5.25199], [-54.37518, 5.25636], [-54.37728, 5.25638], [-54.38322, 5.26103], [-54.38596, 5.26094], [-54.38679, 5.2634], [-54.39147, 5.26401], [-54.39799, 5.26188], [-54.40226, 5.26237], [-54.40581, 5.26477], [-54.41253, 5.26511], [-54.4158, 5.26902], [-54.42281, 5.26946], [-54.42716, 5.27194], [-54.43101, 5.27831], [-54.43617, 5.28232], [-54.44045, 5.28135], [-54.45167, 5.28659], [-54.45956, 5.28845], [-54.4663, 5.28669], [-54.46924, 5.2804], [-54.48426, 5.273], [-54.48866, 5.26596], [-54.49031, 5.26866], [-54.48973, 5.27528], [-54.49308, 5.27815], [-54.49044, 5.28385], [-54.49144, 5.29111], [-54.48624, 5.29648], [-54.47823, 5.29768], [-54.4799, 5.29978], [-54.47969, 5.30276], [-54.47567, 5.30897], [-54.47404, 5.32046], [-54.47788, 5.32012], [-54.48094, 5.31509], [-54.48806, 5.31512], [-54.49073, 5.31212], [-54.49614, 5.31313], [-54.50012, 5.31688], [-54.50465, 5.31202], [-54.50863, 5.31521], [-54.51057, 5.31506], [-54.51391, 5.31023], [-54.51728, 5.30921], [-54.52015, 5.31466], [-54.52821, 5.31683], [-54.52819, 5.32135], [-54.5333, 5.32042], [-54.53384, 5.32383], [-54.53858, 5.32536], [-54.53832, 5.32996], [-54.54784, 5.334], [-54.54972, 5.33777], [-54.56049, 5.33623], [-54.56288, 5.34143], [-54.5673, 5.34474], [-54.57153, 5.34452], [-54.5786, 5.34832], [-54.578, 5.35085], [-54.58519, 5.35358], [-54.58691, 5.35735], [-54.5925, 5.35638], [-54.59651, 5.36187], [-54.60121, 5.36482], [-54.61364, 5.36241], [-54.61508, 5.36904], [-54.61958, 5.37084], [-54.61969, 5.37872], [-54.6255, 5.38427], [-54.63176, 5.39638], [-54.63667, 5.39935], [-54.64332, 5.39798], [-54.64416, 5.40047], [-54.64333, 5.40687], [-54.63411, 5.41975], [-54.63002, 5.42837], [-54.62975, 5.50781], [-54.64053, 5.50794], [-54.63242, 5.51887], [-54.62571, 5.51853], [-54.62486, 5.53229], [-54.62927, 5.53241], [-54.63983, 5.56171], [-54.62179, 5.57942], [-54.62965, 5.58857], [-54.62593, 5.59317], [-54.63558, 5.60148], [-54.65602, 5.58174], [-54.65923, 5.58487], [-54.6578, 5.6093], [-54.65636, 5.60936], [-54.65639, 5.61245], [-54.65211, 5.61263], [-54.65218, 5.6162], [-54.65638, 5.61621], [-54.65665, 5.65006], [-54.67304, 5.64999], [-54.67317, 5.68234], [-54.70143, 5.68228], [-54.69948, 5.68409], [-54.71342, 5.70372], [-54.70186, 5.71238], [-54.70724, 5.71952], [-54.69608, 5.72827], [-54.70817, 5.7446], [-54.71454, 5.73969], [-54.72971, 5.75793], [-54.71534, 5.76954], [-54.74129, 5.79651], [-54.74454, 5.79357], [-54.74444, 5.80979], [-54.7493, 5.80763], [-54.74435, 5.83937], [-54.74083, 5.83749], [-54.73402, 5.83744], [-54.73423, 5.83878], [-54.72836, 5.8419], [-54.72561, 5.8505], [-54.71917, 5.85377], [-54.71335, 5.85083], [-54.7086, 5.8414], [-54.70505, 5.84279], [-54.7058, 5.84535], [-54.70943, 5.84822], [-54.70971, 5.85135], [-54.70413, 5.85777], [-54.70058, 5.85878], [-54.69778, 5.88561], [-54.69935, 5.88882], [-54.70196, 5.89004], [-54.7073, 5.90156], [-54.70909, 5.9151], [-54.70763, 5.92807], [-54.70914, 5.93274], [-54.70967, 5.95821], [-54.71157, 5.96913], [-54.71375, 5.97232], [-54.69965, 5.9699]]]}}, {"type": "Feature", "properties": {"code": "BRO", "district": "Brokopondo"}, "geometry": {"type": "Polygon", "coordinates": [[[-54.93217, 5.30583], [-54.93337, 5.30222], [-54.93945, 5.30504], [-54.94507, 5.3017], [-54.94561, 5.28734], [-54.9681, 5.28179], [-54.97162, 5.27868], [-54.97177, 5.24709], [-54.97949, 5.24181], [-54.9789, 5.22506], [-54.98166, 5.21985], [-54.98147, 5.21601], [-54.97238, 5.20588], [-54.96879, 5.19592], [-54.96172, 5.19697], [-54.95891, 5.19313], [-54.9566, 5.19752], [-54.94973, 5.19919], [-54.9461, 5.19829], [-54.93811, 5.18962], [-54.93466, 5.18264], [-54.9322, 5.18188], [-54.92988, 5.18557], [-54.92786, 5.18603], [-54.91809, 5.18328], [-54.88312, 5.15055], [-54.87837, 5.13194], [-54.88917, 5.11046], [-54.89909, 5.11], [-54.90509, 5.10807], [-54.90653, 5.10122], [-54.89383, 5.09651], [-54.89491, 5.08974], [-54.89388, 5.08829], [-54.88042, 5.08587], [-54.8712, 5.07926], [-54.8663, 5.07312], [-54.86505, 5.06251], [-54.86637, 5.0557], [-54.87222, 5.05254], [-54.87262, 5.04749], [-54.87114, 5.04351], [-54.87152, 5.03352], [-54.8692, 5.02907], [-54.86433, 5.02584], [-54.86413, 5.01643], [-54.86875, 5.00404], [-54.86564, 4.99802], [-54.86638, 4.99339], [-54.86153, 4.98458], [-54.85774, 4.98594], [-54.84985, 4.99525], [-54.84614, 4.99462], [-54.8359, 5.00069], [-54.82765, 4.99201], [-54.82774, 4.98738], [-54.82488, 4.98672], [-54.82159, 4.98851], [-54.81729, 4.98494], [-54.80624, 4.98123], [-54.7867, 4.96968], [-54.77698, 4.96873], [-54.76593, 4.96261], [-54.76061, 4.9562], [-54.75066, 4.93771], [-54.7462, 4.93425], [-54.746, 4.9274], [-54.72095, 4.88847], [-54.7495, 4.87334], [-54.77493, 4.80733], [-54.7757, 4.78101], [-54.78057, 4.76507], [-54.78195, 4.76267], [-54.78523, 4.76183], [-54.79193, 4.75596], [-54.79271, 4.75045], [-54.79527, 4.74893], [-54.80003, 4.74018], [-54.79739, 4.72957], [-54.79098, 4.71831], [-54.7937, 4.71404], [-54.79603, 4.70168], [-54.80176, 4.69887], [-54.80276, 4.69428], [-54.80562, 4.69532], [-54.81263, 4.6857], [-54.83167, 4.68465], [-54.83087, 4.65851], [-54.82863, 4.6549], [-54.83162, 4.65128], [-54.82854, 4.64713], [-54.82882, 4.64339], [-54.82024, 4.62874], [-54.81638, 4.60875], [-54.81888, 4.60141], [-54.81498, 4.55559], [-54.82508, 4.53136], [-54.83288, 4.5235], [-54.83781, 4.52068], [-54.82876, 4.50456], [-54.8386, 4.49369], [-54.84395, 4.4757], [-54.84709, 4.47319], [-54.8556, 4.47465], [-54.86301, 4.45819], [-54.87139, 4.44925], [-54.88097, 4.44657], [-54.88477, 4.43458], [-54.88451, 4.42579], [-54.87812, 4.41914], [-54.87725, 4.41323], [-54.87954, 4.38978], [-54.87709, 4.36872], [-54.89137, 4.33983], [-54.89522, 4.33508], [-54.89292, 4.32945], [-54.90092, 4.32352], [-54.89428, 4.31376], [-54.89013, 4.30126], [-54.89307, 4.28542], [-54.88267, 4.28368], [-54.87483, 4.28744], [-54.87281, 4.28245], [-54.87364, 4.27385], [-54.8775, 4.26552], [-54.8759, 4.26056], [-54.88385, 4.25234], [-54.88371, 4.24322], [-54.8873, 4.23763], [-54.88686, 4.23449], [-54.88304, 4.23076], [-54.88299, 4.22636], [-54.89477, 4.21831], [-54.89962, 4.21188], [-54.89628, 4.20741], [-54.89769, 4.19793], [-54.89326, 4.1931], [-54.89456, 4.18871], [-54.89984, 4.18759], [-54.91269, 4.1896], [-54.91714, 4.18764], [-54.92091, 4.18852], [-54.9236, 4.18199], [-54.93144, 4.18046], [-54.93735, 4.17433], [-54.93111, 4.1573], [-54.9356, 4.15162], [-54.93668, 4.14777], [-54.93321, 4.14252], [-54.93361, 4.13809], [-54.93532, 4.13618], [-54.94435, 4.13171], [-54.95192, 4.13464], [-54.95928, 4.15304], [-54.96906, 4.16015], [-54.9748, 4.16896], [-54.98217, 4.17231], [-54.97981, 4.18334], [-54.98831, 4.1839], [-54.99257, 4.19345], [-55.00585, 4.19154], [-55.01883, 4.18702], [-55.02327, 4.18358], [-55.02908, 4.18312], [-55.03216, 4.17842], [-55.03865, 4.17614], [-55.04027, 4.17358], [-55.04086, 4.16726], [-55.03923, 4.16145], [-55.03744, 4.16055], [-55.03659, 4.15423], [-55.04797, 4.13595], [-55.0477, 4.12895], [-55.05143, 4.11601], [-55.06175, 4.12229], [-55.06816, 4.11757], [-55.08772, 4.11785], [-55.09369, 4.12655], [-55.09686, 4.1276], [-55.09898, 4.13226], [-55.10302, 4.13318], [-55.10669, 4.13155], [-55.1144, 4.13298], [-55.12175, 4.1269], [-55.11924, 4.12078], [-55.12286, 4.12126], [-55.12996, 4.11599], [-55.13062, 4.10828], [-55.14325, 4.0989], [-55.14759, 4.09172], [-55.14802, 4.08513], [-55.15174, 4.08668], [-55.15695, 4.0852], [-55.15729, 4.08249], [-55.15389, 4.07814], [-55.15505, 4.07307], [-55.15818, 4.0707], [-55.16294, 4.07131], [-55.16989, 4.06674], [-55.17548, 4.06555], [-55.17818, 4.05714], [-55.18478, 4.05081], [-55.18413, 4.04903], [-55.1856, 4.04795], [-55.19237, 4.04997], [-55.19932, 4.04808], [-55.20644, 4.04188], [-55.2122, 4.04068], [-55.21459, 4.04289], [-55.2178, 4.04191], [-55.22208, 4.04537], [-55.2311, 4.03727], [-55.23271, 4.04319], [-55.23407, 4.04332], [-55.23505, 4.04099], [-55.23714, 4.04277], [-55.24186, 4.04084], [-55.24373, 4.03884], [-55.24499, 4.03168], [-55.24915, 4.03201], [-55.24935, 4.02912], [-55.25414, 4.02752], [-55.25543, 4.02098], [-55.2615, 4.01498], [-55.258, 4.01198], [-55.26017, 4.0083], [-55.25798, 4.00379], [-55.26585, 4.002], [-55.26736, 3.99888], [-55.27263, 3.99919], [-55.27589, 4.00472], [-55.28184, 4.00818], [-55.28192, 4.0167], [-55.27453, 4.0157], [-55.2724, 4.01687], [-55.27717, 4.03507], [-55.28249, 4.043], [-55.29014, 4.04706], [-55.29347, 4.05512], [-55.28512, 4.06907], [-55.28445, 4.07378], [-55.28732, 4.08039], [-55.29092, 4.08099], [-55.29406, 4.08406], [-55.29332, 4.09435], [-55.29472, 4.09866], [-55.29189, 4.10319], [-55.29424, 4.10842], [-55.29367, 4.11316], [-55.30331, 4.1207], [-55.30448, 4.12866], [-55.30892, 4.13459], [-55.306, 4.13722], [-55.30486, 4.14622], [-55.31038, 4.15387], [-55.31511, 4.16469], [-55.30922, 4.17842], [-55.31005, 4.18825], [-55.31171, 4.19033], [-55.31065, 4.19641], [-55.30182, 4.20842], [-55.30171, 4.21325], [-55.29829, 4.21946], [-55.29399, 4.22251], [-55.29047, 4.2321], [-55.28265, 4.24129], [-55.28876, 4.24703], [-55.2884, 4.24837], [-55.29262, 4.2498], [-55.29536, 4.25556], [-55.30446, 4.25847], [-55.29319, 4.27337], [-55.28709, 4.27553], [-55.2848, 4.27842], [-55.27546, 4.2802], [-55.27153, 4.27885], [-55.26782, 4.28137], [-55.26585, 4.28501], [-55.2654, 4.29718], [-55.25946, 4.30193], [-55.25624, 4.30817], [-55.25303, 4.30836], [-55.24807, 4.31391], [-55.24813, 4.31663], [-55.25143, 4.31967], [-55.24653, 4.32893], [-55.24572, 4.33741], [-55.24846, 4.3408], [-55.25056, 4.34116], [-55.25527, 4.35174], [-55.25708, 4.361], [-55.26015, 4.36721], [-55.25835, 4.36954], [-55.26002, 4.37414], [-55.26345, 4.37652], [-55.267, 4.3737], [-55.27203, 4.37647], [-55.27115, 4.37953], [-55.27293, 4.38328], [-55.26875, 4.39227], [-55.2696, 4.40368], [-55.2677, 4.4199], [-55.26555, 4.42235], [-55.25605, 4.42581], [-55.25214, 4.43284], [-55.25217, 4.43702], [-55.25601, 4.44204], [-55.25328, 4.45038], [-55.25605, 4.45862], [-55.25447, 4.46604], [-55.25271, 4.46806], [-55.24469, 4.47076], [-55.24827, 4.47403], [-55.24815, 4.4759], [-55.23821, 4.48495], [-55.23376, 4.49497], [-55.2326, 4.50274], [-55.23483, 4.51089], [-55.23256, 4.52004], [-55.23606, 4.5256], [-55.24483, 4.52768], [-55.25312, 4.53884], [-55.25351, 4.5527], [-55.25205, 4.554], [-55.3077, 4.54338], [-55.30796, 4.5456], [-55.31317, 4.54948], [-55.31626, 4.55048], [-55.32565, 4.54901], [-55.33025, 4.55533], [-55.34684, 4.55939], [-55.35095, 4.56204], [-55.35262, 4.56545], [-55.35799, 4.56922], [-55.36593, 4.58386], [-55.36524, 4.58673], [-55.3587, 4.59227], [-55.35823, 4.59996], [-55.34268, 4.60739], [-55.34384, 4.62084], [-55.33213, 4.61963], [-55.32107, 4.62167], [-55.31308, 4.62747], [-55.30166, 4.63238], [-55.29359, 4.64113], [-55.28482, 4.65611], [-55.28572, 4.65963], [-55.29429, 4.66616], [-55.30114, 4.69129], [-55.2862, 4.71587], [-55.2863, 4.73493], [-55.28306, 4.74592], [-55.28184, 4.76233], [-55.28329, 4.76429], [-55.28676, 4.76503], [-55.29664, 4.76333], [-55.30401, 4.76388], [-55.31106, 4.76769], [-55.31901, 4.77544], [-55.32515, 4.77714], [-55.34531, 4.77202], [-55.35695, 4.77136], [-55.35825, 4.7724], [-55.35827, 4.77906], [-55.36193, 4.78167], [-55.36409, 4.78769], [-55.37615, 4.78825], [-55.37639, 4.79866], [-55.37087, 4.80727], [-55.36433, 4.81345], [-55.3668, 4.82088], [-55.36375, 4.83236], [-55.34864, 4.8484], [-55.35192, 4.86464], [-55.35584, 4.8686], [-55.36519, 4.87137], [-55.36888, 4.87441], [-55.36985, 4.88375], [-55.38507, 4.90473], [-55.38844, 4.91412], [-55.39202, 4.91918], [-55.39754, 4.92283], [-55.40902, 4.92676], [-55.41446, 4.93565], [-55.41836, 4.93394], [-55.42881, 4.93477], [-55.43037, 4.93673], [-55.42857, 4.94296], [-55.43142, 4.94661], [-55.43087, 4.95112], [-55.43932, 4.94739], [-55.44466, 4.94813], [-55.45264, 4.96266], [-55.45003, 4.97115], [-55.45573, 4.98043], [-55.45522, 4.98552], [-55.46212, 4.99009], [-55.47151, 5.00673], [-55.47472, 5.00754], [-55.47837, 5.01272], [-55.47886, 5.01735], [-55.48213, 5.02027], [-55.48056, 5.02195], [-55.48147, 5.02532], [-55.48741, 5.03173], [-55.49249, 5.03093], [-55.49642, 5.03366], [-55.49603, 5.03852], [-55.49293, 5.03905], [-55.48596, 5.04765], [-55.48832, 5.05018], [-55.48832, 5.05374], [-55.49102, 5.0588], [-55.49593, 5.06291], [-55.4956, 5.06893], [-55.49798, 5.07015], [-55.50046, 5.0805], [-55.49554, 5.08602], [-55.49034, 5.08854], [-55.49004, 5.09467], [-55.4849, 5.09992], [-55.48899, 5.10224], [-55.49518, 5.10107], [-55.49808, 5.10768], [-55.4962, 5.10999], [-55.48838, 5.10955], [-55.48445, 5.11376], [-55.47909, 5.11189], [-55.47684, 5.11692], [-55.47317, 5.11303], [-55.47061, 5.11349], [-55.46382, 5.12617], [-55.467, 5.12784], [-55.47127, 5.1338], [-55.47036, 5.13753], [-55.46704, 5.14068], [-55.46211, 5.13536], [-55.45162, 5.13103], [-55.44928, 5.13169], [-55.44869, 5.13896], [-55.44469, 5.14194], [-55.43498, 5.14255], [-55.42916, 5.14107], [-55.42497, 5.14276], [-55.42338, 5.15153], [-55.42723, 5.15777], [-55.42273, 5.16051], [-55.41767, 5.15865], [-55.41841, 5.16173], [-55.41723, 5.16358], [-55.41116, 5.16562], [-55.40826, 5.16911], [-55.40275, 5.17024], [-55.402, 5.17237], [-55.39438, 5.17582], [-55.39384, 5.17785], [-55.39759, 5.18259], [-55.39323, 5.18787], [-55.39128, 5.19562], [-55.38841, 5.19681], [-55.38145, 5.19484], [-55.3877, 5.2029], [-55.3872, 5.20447], [-55.38089, 5.20684], [-55.37755, 5.21074], [-55.37001, 5.20719], [-55.36364, 5.21127], [-55.36973, 5.22184], [-55.36763, 5.2316], [-55.36458, 5.23515], [-55.36024, 5.23684], [-55.35652, 5.23697], [-55.35199, 5.23471], [-55.34969, 5.23566], [-55.35102, 5.23997], [-55.34613, 5.24666], [-55.34562, 5.25001], [-55.34819, 5.25405], [-55.35444, 5.25396], [-55.35429, 5.25567], [-55.35014, 5.25619], [-55.34847, 5.25859], [-55.34892, 5.26595], [-55.3519, 5.26911], [-55.33761, 5.28561], [-55.33825, 5.29729], [-55.34577, 5.30559], [-55.35211, 5.31005], [-55.36065, 5.31102], [-55.36556, 5.31421], [-55.36493, 5.31712], [-55.35464, 5.32384], [-55.30084, 5.32375], [-55.05538, 5.37192], [-55.01809, 5.35037], [-55.01372, 5.35005], [-54.93217, 5.30583]]]}}, {"type": "Feature", "properties": {"code": "SAR", "district": "Saramacca"}, "geometry": {"type": "Polygon", "coordinates": [[[-55.56436, 5.98546], [-55.55909, 5.9845], [-55.5542, 5.98627], [-55.53167, 5.97942], [-55.50284, 5.97784], [-55.47642, 5.97343], [-55.44104, 5.97255], [-55.41632, 5.97721], [-55.39885, 5.96721], [-55.32727, 5.94776], [-55.30132, 5.9365], [-55.30331, 5.79482], [-55.31401, 5.77373], [-55.31961, 5.76729], [-55.32561, 5.76642], [-55.33537, 5.75152], [-55.35084, 5.76037], [-55.3532, 5.7522], [-55.35344, 5.72914], [-55.35765, 5.71529], [-55.35752, 5.70943], [-55.3545, 5.69793], [-55.34309, 5.67364], [-55.34254, 5.66464], [-55.34415, 5.65522], [-55.34794, 5.64753], [-55.35339, 5.64553], [-55.36013, 5.64536], [-55.37031, 5.65903], [-55.37709, 5.66044], [-55.3845, 5.65947], [-55.39464, 5.65335], [-55.39857, 5.64901], [-55.40235, 5.64292], [-55.40438, 5.63501], [-55.40402, 5.62984], [-55.39797, 5.62303], [-55.39329, 5.62206], [-55.38397, 5.62442], [-55.37925, 5.62383], [-55.37191, 5.61841], [-55.37059, 5.61168], [-55.37238, 5.60726], [-55.37703, 5.60245], [-55.38277, 5.59982], [-55.39292, 5.59893], [-55.39832, 5.59343], [-55.40005, 5.58959], [-55.39733, 5.57919], [-55.39805, 5.56765], [-55.40253, 5.56169], [-55.41303, 5.55868], [-55.41551, 5.55145], [-55.41576, 5.54421], [-55.41197, 5.53676], [-55.40388, 5.53086], [-55.39045, 5.53063], [-55.38553, 5.52807], [-55.37639, 5.51395], [-55.37308, 5.506], [-55.37367, 5.50221], [-55.37567, 5.49991], [-55.38324, 5.49774], [-55.39352, 5.50112], [-55.39706, 5.49977], [-55.39818, 5.49327], [-55.39243, 5.48421], [-55.39279, 5.47403], [-55.39486, 5.47135], [-55.41085, 5.46537], [-55.41777, 5.45565], [-55.42174, 5.45509], [-55.42487, 5.45661], [-55.42849, 5.46101], [-55.42966, 5.46709], [-55.43211, 5.47083], [-55.4345, 5.47145], [-55.43758, 5.46931], [-55.44052, 5.46649], [-55.44084, 5.46341], [-55.43872, 5.45774], [-55.43363, 5.45331], [-55.43299, 5.44941], [-55.43656, 5.44136], [-55.44394, 5.43832], [-55.4476, 5.43915], [-55.45112, 5.44337], [-55.45033, 5.44867], [-55.44632, 5.45386], [-55.44644, 5.46051], [-55.44902, 5.46243], [-55.45274, 5.46091], [-55.46233, 5.4519], [-55.46693, 5.45002], [-55.47603, 5.45087], [-55.68284, 5.42934], [-55.80799, 5.42159], [-55.80912, 5.41881], [-55.82186, 5.42488], [-55.83359, 5.42068], [-55.83875, 5.42208], [-55.84519, 5.42698], [-55.8534, 5.42069], [-55.86884, 5.42611], [-55.87157, 5.424], [-55.87143, 5.4182], [-55.87476, 5.41513], [-55.89034, 5.40946], [-55.89013, 5.40272], [-55.89246, 5.39694], [-55.8948, 5.39675], [-55.89784, 5.40316], [-55.90259, 5.40508], [-55.9083, 5.39544], [-55.91088, 5.39396], [-55.91739, 5.40467], [-55.92208, 5.39364], [-55.92607, 5.39408], [-55.92859, 5.39725], [-55.92817, 5.3991], [-55.92568, 5.40267], [-55.91913, 5.40632], [-55.91747, 5.41053], [-55.91767, 5.41454], [-55.9217, 5.41763], [-55.91645, 5.42061], [-55.91326, 5.42593], [-55.91589, 5.43365], [-55.90716, 5.43437], [-55.89617, 5.44166], [-55.89433, 5.44459], [-55.89765, 5.44873], [-55.90823, 5.44888], [-55.91585, 5.44669], [-55.92004, 5.44969], [-55.9207, 5.45609], [-55.919, 5.46231], [-55.91039, 5.4721], [-55.9098, 5.47903], [-55.91215, 5.4832], [-55.91957, 5.48107], [-55.92184, 5.4823], [-55.9252, 5.48805], [-55.92534, 5.49373], [-55.92078, 5.50038], [-55.91296, 5.50112], [-55.9073, 5.49599], [-55.90573, 5.48744], [-55.89513, 5.48679], [-55.8937, 5.48895], [-55.8959, 5.49416], [-55.89375, 5.49926], [-55.8893, 5.50403], [-55.87913, 5.50588], [-55.87755, 5.51365], [-55.8802, 5.51898], [-55.88741, 5.52292], [-55.89255, 5.52081], [-55.89338, 5.51593], [-55.89638, 5.51244], [-55.90278, 5.51093], [-55.90651, 5.51378], [-55.9161, 5.52861], [-55.90696, 5.53404], [-55.9042, 5.53918], [-55.90437, 5.54286], [-55.9065, 5.54532], [-55.90926, 5.54515], [-55.91493, 5.56072], [-55.92073, 5.5684], [-55.92779, 5.57327], [-55.95134, 5.58389], [-55.95829, 5.59032], [-55.96193, 5.59813], [-55.96515, 5.61222], [-55.97145, 5.62527], [-55.97382, 5.64224], [-55.96747, 5.6559], [-55.95571, 5.66272], [-55.93316, 5.66608], [-55.90738, 5.66207], [-55.90389, 5.66343], [-55.89707, 5.67756], [-55.88879, 5.73384], [-55.89455, 5.75373], [-55.91298, 5.78127], [-55.93338, 5.79798], [-55.94786, 5.80285], [-55.9189, 5.83175], [-55.92605, 5.85223], [-55.93306, 5.85391], [-55.94039, 5.86012], [-55.94398, 5.86723], [-55.94584, 5.86731], [-55.94617, 5.86931], [-55.94415, 5.87077], [-55.94687, 5.87072], [-55.95113, 5.874], [-55.95439, 5.87964], [-55.95306, 5.88126], [-55.95436, 5.88249], [-55.95278, 5.88361], [-55.95763, 5.88727], [-55.95665, 5.88831], [-55.95866, 5.89051], [-55.96336, 5.89254], [-55.96355, 5.89654], [-55.96043, 5.89816], [-55.95366, 5.90648], [-55.95062, 5.90649], [-55.94491, 5.9137], [-55.9418, 5.91438], [-55.93912, 5.91973], [-55.934, 5.92383], [-55.92096, 5.92367], [-55.91702, 5.92694], [-55.89994, 5.92902], [-55.89829, 5.93259], [-55.87177, 5.93397], [-55.8176, 5.94407], [-55.80257, 5.94939], [-55.79941, 5.95148], [-55.79845, 5.95471], [-55.79472, 5.95555], [-55.79483, 5.95362], [-55.79361, 5.95372], [-55.78161, 5.96075], [-55.76703, 5.96388], [-55.76031, 5.96767], [-55.72885, 5.97742], [-55.73014, 5.97962], [-55.7269, 5.98351], [-55.72976, 5.98371], [-55.72876, 5.98546], [-55.70925, 5.98631], [-55.6982, 5.98229], [-55.6856, 5.98161], [-55.67375, 5.9826], [-55.67042, 5.98436], [-55.66966, 5.98271], [-55.6658, 5.98413], [-55.651, 5.98182], [-55.63691, 5.98403], [-55.62552, 5.98283], [-55.61897, 5.98493], [-55.59936, 5.98616], [-55.59131, 5.98442], [-55.58114, 5.98467], [-55.56919, 5.98731], [-55.56436, 5.98546]]]}}, {"type": "Feature", "properties": {"code": "PMB", "district": "Paramaribo"}, "geometry": {"type": "Polygon", "coordinates": [[[-55.11066, 5.91223], [-55.10325, 5.90483], [-55.09795, 5.90287], [-55.09321, 5.89123], [-55.09479, 5.8853], [-55.08924, 5.8669], [-55.08901, 5.84889], [-55.09462, 5.8359], [-55.10007, 5.82792], [-55.11195, 5.81897], [-55.12034, 5.81622], [-55.13122, 5.81492], [-55.1481, 5.81753], [-55.15716, 5.81572], [-55.1591, 5.81209], [-55.15814, 5.80742], [-55.15007, 5.79164], [-55.14592, 5.78704], [-55.16285, 5.77133], [-55.16397, 5.77217], [-55.16661, 5.7677], [-55.18368, 5.7728], [-55.18288, 5.77449], [-55.19551, 5.77937], [-55.22935, 5.78162], [-55.22269, 5.79104], [-55.22055, 5.79105], [-55.22215, 5.80341], [-55.22423, 5.80295], [-55.2218, 5.81725], [-55.22382, 5.81793], [-55.22566, 5.82559], [-55.22976, 5.82592], [-55.2278, 5.85486], [-55.24453, 5.85525], [-55.24265, 5.91045], [-55.22579, 5.90407], [-55.22544, 5.90685], [-55.22139, 5.90723], [-55.18743, 5.90117], [-55.1771, 5.90247], [-55.16925, 5.90731], [-55.16967, 5.9042], [-55.15858, 5.90754], [-55.15783, 5.90899], [-55.14624, 5.90705], [-55.1356, 5.90242], [-55.12822, 5.92794], [-55.11066, 5.91223]]]}}, {"type": "Feature", "properties": {"code": "WAN", "district": "Wanica"}, "geometry": {"type": "Polygon", "coordinates": [[[-55.25518, 5.91567], [-55.24265, 5.91045], [-55.24453, 5.85525], [-55.2278, 5.85486], [-55.22976, 5.82592], [-55.22566, 5.82559], [-55.22382, 5.81793], [-55.2218, 5.81725], [-55.22423, 5.80295], [-55.22215, 5.80341], [-55.22055, 5.79105], [-55.22269, 5.79104], [-55.22935, 5.78162], [-55.19551, 5.77937], [-55.18288, 5.77449], [-55.18368, 5.7728], [-55.16661, 5.7677], [-55.16397, 5.77217], [-55.16285, 5.77133], [-55.14592, 5.78704], [-55.1266, 5.76601], [-55.09063, 5.7151], [-55.08187, 5.70914], [-55.06827, 5.70374], [-55.07026, 5.67487], [-55.08231, 5.6765], [-55.08275, 5.6729], [-55.09713, 5.67703], [-55.09558, 5.68175], [-55.12196, 5.67339], [-55.12104, 5.68015], [-55.11566, 5.6851], [-55.11534, 5.68781], [-55.11751, 5.69182], [-55.12448, 5.69426], [-55.17209, 5.67873], [-55.17649, 5.69009], [-55.17983, 5.69027], [-55.19043, 5.66523], [-55.24891, 5.66671], [-55.34411, 5.65538], [-55.34254, 5.66464], [-55.34309, 5.67364], [-55.3545, 5.69793], [-55.35752, 5.70943], [-55.35765, 5.71529], [-55.35344, 5.72914], [-55.3532, 5.7522], [-55.35084, 5.76037], [-55.33537, 5.75152], [-55.32561, 5.76642], [-55.31961, 5.76729], [-55.31401, 5.77373], [-55.30331, 5.79482], [-55.30132, 5.9365], [-55.28818, 5.92862], [-55.25518, 5.91567]]]}}, {"type": "Feature", "properties": {"code": "PAR", "district": "Para"}, "geometry": {"type": "Polygon", "coordinates": [[[-55.05409, 5.7014], [-55.03903, 5.70005], [-55.0288, 5.69406], [-55.02421, 5.68256], [-55.02656, 5.67169], [-55.03083, 5.66608], [-55.03001, 5.66952], [-55.03949, 5.66223], [-55.04705, 5.6592], [-55.05601, 5.65813], [-55.06022, 5.65558], [-55.06295, 5.65148], [-55.0686, 5.63391], [-55.07574, 5.62697], [-55.08705, 5.62172], [-55.08775, 5.61534], [-55.08403, 5.61002], [-55.07714, 5.60676], [-55.07402, 5.60881], [-55.07006, 5.61961], [-55.06448, 5.62383], [-55.05777, 5.62424], [-55.04253, 5.61689], [-55.03941, 5.60903], [-55.04206, 5.58725], [-55.03773, 5.56896], [-55.03567, 5.54804], [-55.0371, 5.54195], [-55.04559, 5.52849], [-55.04314, 5.52577], [-55.03601, 5.52364], [-55.00696, 5.50763], [-54.9988, 5.49618], [-54.99696, 5.48589], [-54.80866, 5.50335], [-54.63641, 5.55209], [-54.62927, 5.53241], [-54.62486, 5.53229], [-54.62571, 5.51853], [-54.63242, 5.51887], [-54.64053, 5.50794], [-54.62975, 5.50781], [-54.63002, 5.42837], [-54.63411, 5.41975], [-54.64333, 5.40687], [-54.64416, 5.40047], [-54.64332, 5.39798], [-54.63599, 5.39918], [-54.63176, 5.39638], [-54.62769, 5.3903], [-54.66581, 5.38947], [-54.66686, 5.38533], [-54.66995, 5.38377], [-54.67215, 5.37388], [-54.678, 5.37359], [-54.67661, 5.36831], [-54.67886, 5.36042], [-54.68486, 5.35772], [-54.68121, 5.35189], [-54.68255, 5.3444], [-54.68496, 5.3425], [-54.68344, 5.3355], [-54.68186, 5.33491], [-54.68833, 5.32458], [-54.68748, 5.32244], [-54.69004, 5.31527], [-54.68792, 5.31322], [-54.6926, 5.30911], [-54.6953, 5.30417], [-54.69345, 5.3008], [-54.6954, 5.30153], [-54.69577, 5.29822], [-54.69864, 5.29578], [-54.7091, 5.295], [-54.70934, 5.29205], [-54.71265, 5.29142], [-54.71584, 5.28771], [-54.71436, 5.28189], [-54.71773, 5.27795], [-54.71779, 5.27423], [-54.72463, 5.27398], [-54.72681, 5.27204], [-54.72898, 5.27354], [-54.73013, 5.27014], [-54.73389, 5.26893], [-54.73585, 5.2658], [-54.73352, 5.25939], [-54.73507, 5.25631], [-54.73222, 5.24208], [-54.73554, 5.23878], [-54.73469, 5.23673], [-54.73677, 5.23615], [-54.73565, 5.23469], [-54.7381, 5.23361], [-54.73666, 5.23115], [-54.73838, 5.23002], [-54.7388, 5.22675], [-54.7413, 5.22563], [-54.74166, 5.22431], [-54.74026, 5.22412], [-54.74262, 5.22322], [-54.74404, 5.21928], [-54.74794, 5.21843], [-54.74826, 5.21634], [-54.75385, 5.21309], [-54.75758, 5.20706], [-54.7598, 5.20862], [-54.76462, 5.20246], [-54.76684, 5.20324], [-54.76921, 5.19979], [-54.76983, 5.20147], [-54.77269, 5.20049], [-54.77234, 5.19762], [-54.77474, 5.19695], [-54.77786, 5.19946], [-54.78458, 5.19649], [-54.79006, 5.19687], [-54.79307, 5.18857], [-54.7919, 5.18706], [-54.79426, 5.18689], [-54.79704, 5.18172], [-54.79801, 5.17514], [-54.80047, 5.17324], [-54.79922, 5.16819], [-54.80398, 5.1663], [-54.80544, 5.16354], [-54.80775, 5.16441], [-54.80939, 5.16183], [-54.80529, 5.15318], [-54.80466, 5.13905], [-54.80068, 5.13695], [-54.79852, 5.13245], [-54.79979, 5.13232], [-54.80121, 5.12741], [-54.79973, 5.12437], [-54.80171, 5.11565], [-54.80072, 5.1137], [-54.79885, 5.11628], [-54.79895, 5.11455], [-54.80199, 5.11229], [-54.802, 5.10984], [-54.79934, 5.10465], [-54.79899, 5.10147], [-54.80154, 5.09926], [-54.79798, 5.09243], [-54.7979, 5.0888], [-54.8015, 5.08281], [-54.81016, 5.08003], [-54.81393, 5.07645], [-54.81774, 5.07551], [-54.81825, 5.07383], [-54.81536, 5.07023], [-54.80436, 5.06724], [-54.80289, 5.05943], [-54.80866, 5.05677], [-54.80894, 5.05382], [-54.8167, 5.04921], [-54.81359, 5.04484], [-54.81764, 5.03886], [-54.81639, 5.03149], [-54.82576, 5.02221], [-54.82997, 5.02205], [-54.83229, 5.01883], [-54.83946, 5.01495], [-54.84274, 5.00923], [-54.84905, 5.00399], [-54.845, 4.99548], [-54.84985, 4.99525], [-54.85904, 4.98514], [-54.86153, 4.98458], [-54.86638, 4.99339], [-54.86564, 4.99802], [-54.86875, 5.00404], [-54.86413, 5.01643], [-54.86433, 5.02584], [-54.8692, 5.02907], [-54.87152, 5.03352], [-54.87085, 5.03941], [-54.87261, 5.0514], [-54.86637, 5.0557], [-54.86505, 5.06251], [-54.8663, 5.07312], [-54.8712, 5.07926], [-54.88042, 5.08587], [-54.89388, 5.08829], [-54.89491, 5.08974], [-54.89383, 5.09651], [-54.90653, 5.10122], [-54.90509, 5.10807], [-54.89909, 5.11], [-54.88917, 5.11046], [-54.87837, 5.13194], [-54.88312, 5.15055], [-54.91809, 5.18328], [-54.92786, 5.18603], [-54.92988, 5.18557], [-54.9322, 5.18188], [-54.93466, 5.18264], [-54.93811, 5.18962], [-54.9461, 5.19829], [-54.94973, 5.19919], [-54.9566, 5.19752], [-54.95891, 5.19313], [-54.96172, 5.19697], [-54.96879, 5.19592], [-54.97238, 5.20588], [-54.98147, 5.21601], [-54.98166, 5.21985], [-54.9789, 5.22506], [-54.97949, 5.24181], [-54.97177, 5.24709], [-54.97162, 5.27868], [-54.9681, 5.28179], [-54.94561, 5.28734], [-54.94507, 5.3017], [-54.93945, 5.30504], [-54.93337, 5.30222], [-54.93217, 5.30583], [-55.01372, 5.35005], [-55.01809, 5.35037], [-55.05538, 5.37192], [-55.30084, 5.32375], [-55.35464, 5.32384], [-55.36493, 5.31712], [-55.36556, 5.31421], [-55.36065, 5.31102], [-55.34858, 5.30832], [-55.33825, 5.29729], [-55.33749, 5.29461], [-55.33853, 5.28336], [-55.34709, 5.27612], [-55.3519, 5.26911], [-55.34892, 5.26595], [-55.34847, 5.25859], [-55.35014, 5.25619], [-55.35429, 5.25567], [-55.35444, 5.25396], [-55.34819, 5.25405], [-55.34562, 5.25001], [-55.34613, 5.24666], [-55.35102, 5.23997], [-55.34969, 5.23566], [-55.35199, 5.23471], [-55.35652, 5.23697], [-55.36024, 5.23684], [-55.36695, 5.23303], [-55.36973, 5.22184], [-55.36364, 5.21127], [-55.37001, 5.20719], [-55.37755, 5.21074], [-55.38089, 5.20684], [-55.3872, 5.20447], [-55.3877, 5.2029], [-55.38145, 5.19484], [-55.38841, 5.19681], [-55.39128, 5.19562], [-55.39323, 5.18787], [-55.39759, 5.18259], [-55.39384, 5.17785], [-55.39438, 5.17582], [-55.402, 5.17237], [-55.40275, 5.17024], [-55.40826, 5.16911], [-55.41116, 5.16562], [-55.41723, 5.16358], [-55.41841, 5.16173], [-55.41767, 5.15865], [-55.42273, 5.16051], [-55.42723, 5.15777], [-55.42338, 5.15153], [-55.42497, 5.14276], [-55.42916, 5.14107], [-55.43498, 5.14255], [-55.44469, 5.14194], [-55.44869, 5.13896], [-55.44928, 5.13169], [-55.45162, 5.13103], [-55.46211, 5.13536], [-55.46492, 5.13983], [-55.46746, 5.14048], [-55.47081, 5.13674], [-55.47127, 5.1338], [-55.467, 5.12784], [-55.46411, 5.12668], [-55.46438, 5.12383], [-55.46878, 5.11894], [-55.47106, 5.11328], [-55.47317, 5.11303], [-55.47684, 5.11692], [-55.47909, 5.11189], [-55.48359, 5.11393], [-55.48957, 5.10912], [-55.49702, 5.10947], [-55.49818, 5.10677], [-55.49574, 5.10145], [-55.48899, 5.10224], [-55.4849, 5.09973], [-55.49004, 5.09467], [-55.49034, 5.08854], [-55.50281, 5.07962], [-55.50634, 5.07963], [-55.51697, 5.08736], [-55.52937, 5.08914], [-55.53285, 5.09865], [-55.54233, 5.11272], [-55.54848, 5.1109], [-55.56226, 5.09451], [-55.56353, 5.08915], [-55.57387, 5.09415], [-55.57892, 5.09056], [-55.58181, 5.09547], [-55.58402, 5.09498], [-55.58867, 5.08304], [-55.58556, 5.07389], [-55.58828, 5.06911], [-55.60094, 5.05968], [-55.61699, 5.05209], [-55.63413, 5.0349], [-55.65469, 5.02801], [-55.67393, 5.00761], [-55.70501, 5.00814], [-55.70472, 5.01431], [-55.70941, 5.01796], [-55.7112, 5.02164], [-55.70982, 5.02431], [-55.71077, 5.0255], [-55.70886, 5.02753], [-55.70954, 5.03063], [-55.69916, 5.04742], [-55.69718, 5.04611], [-55.69538, 5.0481], [-55.69526, 5.05212], [-55.69392, 5.05215], [-55.69956, 5.05867], [-55.69969, 5.06108], [-55.7019, 5.06047], [-55.70616, 5.06448], [-55.70549, 5.0664], [-55.70815, 5.06711], [-55.70872, 5.07138], [-55.71048, 5.07066], [-55.71005, 5.06778], [-55.71189, 5.06888], [-55.71472, 5.06578], [-55.72285, 5.06852], [-55.72319, 5.07055], [-55.72934, 5.07145], [-55.73089, 5.07023], [-55.73475, 5.07218], [-55.74413, 5.0832], [-55.74161, 5.08531], [-55.74262, 5.08958], [-55.74548, 5.08994], [-55.74613, 5.08764], [-55.74735, 5.08851], [-55.74569, 5.09366], [-55.75194, 5.09653], [-55.75543, 5.09496], [-55.75625, 5.09807], [-55.75957, 5.0994], [-55.76198, 5.09769], [-55.76363, 5.09845], [-55.76418, 5.10084], [-55.76755, 5.10239], [-55.76844, 5.10753], [-55.77921, 5.11333], [-55.78011, 5.11646], [-55.78089, 5.11446], [-55.78277, 5.11549], [-55.78394, 5.11409], [-55.7821, 5.11037], [-55.78375, 5.10931], [-55.78463, 5.11153], [-55.78547, 5.10751], [-55.78994, 5.11144], [-55.79207, 5.11041], [-55.79341, 5.11249], [-55.7973, 5.11252], [-55.79691, 5.11571], [-55.80483, 5.11533], [-55.80691, 5.11725], [-55.81192, 5.11748], [-55.81635, 5.12165], [-55.81599, 5.11911], [-55.81944, 5.11552], [-55.83143, 5.11608], [-55.83405, 5.11911], [-55.84488, 5.11762], [-55.84609, 5.11519], [-55.85272, 5.11494], [-55.85429, 5.11347], [-55.85858, 5.11906], [-55.8594, 5.11763], [-55.8616, 5.1185], [-55.86192, 5.11684], [-55.86415, 5.11842], [-55.86696, 5.11649], [-55.86989, 5.12017], [-55.87852, 5.11685], [-55.88358, 5.11213], [-55.88364, 5.11695], [-55.88731, 5.11515], [-55.88902, 5.11779], [-55.89436, 5.11889], [-55.90066, 5.11609], [-55.90516, 5.11899], [-55.90551, 5.12315], [-55.90748, 5.12411], [-55.90977, 5.11624], [-55.91446, 5.1181], [-55.91464, 5.11418], [-55.91684, 5.11342], [-55.91824, 5.11063], [-55.9192, 5.10438], [-55.92103, 5.10532], [-55.91987, 5.10865], [-55.92194, 5.11241], [-55.93067, 5.11107], [-55.93405, 5.11486], [-55.94222, 5.11579], [-56.00985, 5.1009], [-56.0246, 5.10122], [-56.02784, 5.10545], [-56.02663, 5.11409], [-56.02195, 5.11872], [-56.00512, 5.12515], [-55.99941, 5.12864], [-55.99497, 5.13488], [-55.98616, 5.15657], [-55.98698, 5.17819], [-55.9749, 5.19265], [-55.973, 5.2006], [-55.9735, 5.22625], [-55.96613, 5.2408], [-55.9514, 5.2532], [-55.94722, 5.26277], [-55.94848, 5.28244], [-55.95397, 5.29679], [-55.96762, 5.31569], [-55.96657, 5.32653], [-55.96124, 5.33819], [-55.96025, 5.34452], [-55.96513, 5.37406], [-55.96439, 5.38453], [-55.95701, 5.40395], [-55.92593, 5.52906], [-55.91709, 5.53199], [-55.9127, 5.5353], [-55.90629, 5.54492], [-55.90396, 5.54041], [-55.90588, 5.53545], [-55.91046, 5.53107], [-55.9161, 5.52861], [-55.90651, 5.51378], [-55.90278, 5.51093], [-55.89638, 5.51244], [-55.89338, 5.51593], [-55.89255, 5.52081], [-55.88741, 5.52292], [-55.8802, 5.51898], [-55.87749, 5.51157], [-55.87913, 5.50588], [-55.8893, 5.50403], [-55.89245, 5.50113], [-55.89581, 5.49488], [-55.8937, 5.48895], [-55.89513, 5.48679], [-55.90573, 5.48744], [-55.90756, 5.49647], [-55.91366, 5.50127], [-55.92078, 5.50038], [-55.92564, 5.49295], [-55.92467, 5.48653], [-55.92148, 5.48196], [-55.91928, 5.48111], [-55.91215, 5.4832], [-55.9098, 5.47903], [-55.91039, 5.4721], [-55.919, 5.46231], [-55.9207, 5.45609], [-55.92004, 5.44969], [-55.91585, 5.44669], [-55.90823, 5.44888], [-55.89765, 5.44873], [-55.89433, 5.44459], [-55.89617, 5.44166], [-55.90716, 5.43437], [-55.91589, 5.43365], [-55.91323, 5.42673], [-55.91374, 5.42425], [-55.91645, 5.42061], [-55.9217, 5.41763], [-55.91746, 5.41414], [-55.91788, 5.40886], [-55.91973, 5.40575], [-55.92585, 5.40251], [-55.92865, 5.39798], [-55.92374, 5.393], [-55.92063, 5.39599], [-55.91739, 5.40467], [-55.91088, 5.39396], [-55.9083, 5.39544], [-55.90259, 5.40508], [-55.89784, 5.40316], [-55.8948, 5.39675], [-55.89246, 5.39694], [-55.89013, 5.40272], [-55.89034, 5.40946], [-55.87476, 5.41513], [-55.87143, 5.4182], [-55.87157, 5.424], [-55.86884, 5.42611], [-55.8534, 5.42069], [-55.84519, 5.42698], [-55.83875, 5.42208], [-55.83359, 5.42068], [-55.82186, 5.42488], [-55.80912, 5.41881], [-55.80799, 5.42159], [-55.68284, 5.42934], [-55.47603, 5.45087], [-55.46693, 5.45002], [-55.46233, 5.4519], [-55.45274, 5.46091], [-55.44902, 5.46243], [-55.44644, 5.46051], [-55.44632, 5.45386], [-55.45033, 5.44867], [-55.45112, 5.44337], [-55.4476, 5.43915], [-55.44394, 5.43832], [-55.43656, 5.44136], [-55.43299, 5.44941], [-55.43363, 5.45331], [-55.43872, 5.45774], [-55.44084, 5.46341], [-55.44052, 5.46649], [-55.43758, 5.46931], [-55.4345, 5.47145], [-55.43211, 5.47083], [-55.42966, 5.46709], [-55.42849, 5.46101], [-55.42487, 5.45661], [-55.42174, 5.45509], [-55.41777, 5.45565], [-55.41085, 5.46537], [-55.39486, 5.47135], [-55.39279, 5.47403], [-55.39243, 5.48421], [-55.39818, 5.49327], [-55.39706, 5.49977], [-55.39352, 5.50112], [-55.38131, 5.49795], [-55.37567, 5.49991], [-55.3731, 5.50355], [-55.37639, 5.51395], [-55.38553, 5.52807], [-55.39045, 5.53063], [-55.40388, 5.53086], [-55.41197, 5.53676], [-55.41576, 5.54421], [-55.41551, 5.55145], [-55.41303, 5.55868], [-55.40253, 5.56169], [-55.39805, 5.56765], [-55.39733, 5.57919], [-55.40005, 5.58959], [-55.39832, 5.59343], [-55.39292, 5.59893], [-55.38277, 5.59982], [-55.37703, 5.60245], [-55.37238, 5.60726], [-55.37059, 5.61168], [-55.37191, 5.61841], [-55.37662, 5.62254], [-55.38397, 5.62442], [-55.39621, 5.62249], [-55.40131, 5.62591], [-55.40402, 5.62984], [-55.40448, 5.63438], [-55.40207, 5.64357], [-55.39163, 5.6555], [-55.38341, 5.65973], [-55.37203, 5.65994], [-55.3674, 5.65644], [-55.36137, 5.64565], [-55.35511, 5.6453], [-55.34794, 5.64753], [-55.34411, 5.65538], [-55.24891, 5.66671], [-55.19042, 5.66523], [-55.17983, 5.69027], [-55.17649, 5.69009], [-55.17209, 5.67873], [-55.12448, 5.69426], [-55.11751, 5.69182], [-55.11534, 5.68781], [-55.11566, 5.6851], [-55.12104, 5.68015], [-55.12196, 5.67339], [-55.09558, 5.68175], [-55.09713, 5.67703], [-55.08275, 5.6729], [-55.08231, 5.6765], [-55.07026, 5.67487], [-55.06827, 5.70374], [-55.05409, 5.7014]]]}}, {"type": "Feature", "properties": {"code": "COM", "district": "Commewijne"}, "geometry": {"type": "Polygon", "coordinates": [[[-55.04471, 6.00225], [-54.96139, 5.99467], [-54.8971, 5.99365], [-54.87196, 5.98949], [-54.85847, 5.98938], [-54.85703, 5.98699], [-54.85425, 5.98937], [-54.82371, 5.99058], [-54.77778, 5.98067], [-54.77883, 5.98223], [-54.76978, 5.98202], [-54.75025, 5.9775], [-54.71375, 5.97232], [-54.71157, 5.96913], [-54.70967, 5.95821], [-54.70914, 5.93274], [-54.70763, 5.92807], [-54.70909, 5.9151], [-54.7073, 5.90156], [-54.7018, 5.88977], [-54.69935, 5.88882], [-54.6978, 5.88588], [-54.70035, 5.86828], [-54.69919, 5.86354], [-54.70058, 5.85878], [-54.70413, 5.85777], [-54.70971, 5.85135], [-54.70943, 5.84822], [-54.70502, 5.84396], [-54.70596, 5.84182], [-54.70894, 5.84168], [-54.71335, 5.85083], [-54.71917, 5.85377], [-54.72561, 5.8505], [-54.72836, 5.8419], [-54.73423, 5.83878], [-54.73402, 5.83744], [-54.74083, 5.83749], [-54.74435, 5.83937], [-54.7493, 5.80763], [-54.74444, 5.80979], [-54.74454, 5.79357], [-54.74129, 5.79651], [-54.71534, 5.76954], [-54.72971, 5.75793], [-54.71454, 5.73969], [-54.70817, 5.7446], [-54.69608, 5.72827], [-54.70724, 5.71952], [-54.70186, 5.71238], [-54.71342, 5.70372], [-54.69948, 5.68409], [-54.70143, 5.68228], [-54.67317, 5.68234], [-54.67304, 5.64999], [-54.65665, 5.65006], [-54.65638, 5.61621], [-54.65218, 5.6162], [-54.65211, 5.61263], [-54.65639, 5.61245], [-54.65636, 5.60936], [-54.6578, 5.6093], [-54.65923, 5.58487], [-54.65602, 5.58174], [-54.63558, 5.60148], [-54.62593, 5.59317], [-54.62965, 5.58857], [-54.62179, 5.57942], [-54.63983, 5.56171], [-54.63641, 5.55209], [-54.80866, 5.50335], [-54.99696, 5.48589], [-54.9988, 5.49618], [-55.00696, 5.50763], [-55.04474, 5.527], [-55.04545, 5.52891], [-55.0371, 5.54195], [-55.03567, 5.54804], [-55.03773, 5.56896], [-55.04206, 5.58725], [-55.03941, 5.60903], [-55.04058, 5.61386], [-55.04692, 5.61994], [-55.05777, 5.62424], [-55.06261, 5.62435], [-55.06938, 5.62049], [-55.07263, 5.61505], [-55.07402, 5.60881], [-55.07714, 5.60676], [-55.08403, 5.61002], [-55.08727, 5.614], [-55.08823, 5.61807], [-55.08705, 5.62172], [-55.07574, 5.62697], [-55.06963, 5.6325], [-55.06644, 5.63755], [-55.06295, 5.65148], [-55.05885, 5.65675], [-55.03949, 5.66223], [-55.03001, 5.66952], [-55.0315, 5.6663], [-55.0294, 5.66756], [-55.02656, 5.67169], [-55.02694, 5.67432], [-55.02477, 5.67859], [-55.02489, 5.6867], [-55.02828, 5.69348], [-55.0345, 5.69841], [-55.04156, 5.70066], [-55.06827, 5.70374], [-55.08187, 5.70914], [-55.09063, 5.7151], [-55.11193, 5.74651], [-55.12843, 5.76822], [-55.14912, 5.79041], [-55.15536, 5.80119], [-55.15913, 5.81133], [-55.15632, 5.81627], [-55.1481, 5.81753], [-55.13122, 5.81492], [-55.12297, 5.81568], [-55.11195, 5.81897], [-55.10319, 5.82502], [-55.09748, 5.83103], [-55.08986, 5.84638], [-55.08862, 5.85989], [-55.08945, 5.86848], [-55.09482, 5.88548], [-55.09321, 5.89123], [-55.09795, 5.90287], [-55.10409, 5.90547], [-55.13168, 5.93238], [-55.15217, 5.94302], [-55.15564, 5.94956], [-55.15747, 5.94948], [-55.16569, 5.95964], [-55.16767, 5.96415], [-55.15998, 5.97269], [-55.15002, 5.97871], [-55.12051, 5.98729], [-55.11044, 5.99248], [-55.07949, 5.99671], [-55.07616, 5.9958], [-55.07044, 5.99812], [-55.04471, 6.00225]]]}}, {"type": "Feature", "properties": {"code": "SIP", "district": "Sipaliwini"}, "geometry": {"type": "Polygon", "coordinates": [[[-55.91448, 5.53392], [-55.92593, 5.52906], [-55.95701, 5.40395], [-55.96439, 5.38453], [-55.96516, 5.37843], [-55.96025, 5.34452], [-55.96124, 5.33819], [-55.96657, 5.32653], [-55.96762, 5.31569], [-55.95397, 5.29679], [-55.94848, 5.28244], [-55.94722, 5.26277], [-55.9514, 5.2532], [-55.96613, 5.2408], [-55.9735, 5.22625], [-55.973, 5.2006], [-55.9749, 5.19265], [-55.98698, 5.17819], [-55.98616, 5.15657], [-55.99101, 5.14308], [-55.99941, 5.12864], [-56.02195, 5.11872], [-56.02663, 5.11409], [-56.02784, 5.10545], [-56.02461, 5.10124], [-56.00985, 5.1009], [-55.9422, 5.11579], [-55.93405, 5.11486], [-55.93067, 5.11107], [-55.92194, 5.11241], [-55.91987, 5.10865], [-55.92103, 5.10532], [-55.9192, 5.10438], [-55.91824, 5.11063], [-55.91684, 5.11342], [-55.91464, 5.11418], [-55.91446, 5.1181], [-55.90977, 5.11624], [-55.90748, 5.12411], [-55.90551, 5.12315], [-55.90516, 5.11899], [-55.90066, 5.11609], [-55.89436, 5.11889], [-55.88902, 5.11779], [-55.88731, 5.11515], [-55.88364, 5.11695], [-55.88358, 5.11213], [-55.87852, 5.11685], [-55.86989, 5.12017], [-55.86696, 5.11649], [-55.86415, 5.11842], [-55.86192, 5.11684], [-55.8616, 5.1185], [-55.8594, 5.11763], [-55.85858, 5.11906], [-55.85429, 5.11347], [-55.85272, 5.11494], [-55.84609, 5.11519], [-55.84488, 5.11762], [-55.83405, 5.11911], [-55.83143, 5.11608], [-55.81944, 5.11552], [-55.81599, 5.11911], [-55.81635, 5.12165], [-55.81192, 5.11748], [-55.80691, 5.11725], [-55.80483, 5.11533], [-55.79691, 5.11571], [-55.7973, 5.11252], [-55.79341, 5.11249], [-55.79207, 5.11041], [-55.78994, 5.11144], [-55.78547, 5.10751], [-55.78463, 5.11153], [-55.78375, 5.10931], [-55.7821, 5.11037], [-55.78394, 5.11409], [-55.78277, 5.11549], [-55.78089, 5.11446], [-55.78011, 5.11646], [-55.77921, 5.11333], [-55.76844, 5.10753], [-55.76755, 5.10239], [-55.76418, 5.10084], [-55.76363, 5.09845], [-55.76198, 5.09769], [-55.75957, 5.0994], [-55.75625, 5.09807], [-55.75543, 5.09496], [-55.75194, 5.09653], [-55.74569, 5.09366], [-55.74735, 5.08851], [-55.74613, 5.08764], [-55.74548, 5.08994], [-55.74262, 5.08958], [-55.74161, 5.08531], [-55.74413, 5.0832], [-55.73475, 5.07218], [-55.73089, 5.07023], [-55.72934, 5.07145], [-55.72319, 5.07055], [-55.72285, 5.06852], [-55.71472, 5.06578], [-55.71189, 5.06888], [-55.71005, 5.06778], [-55.71048, 5.07066], [-55.70872, 5.07138], [-55.70815, 5.06711], [-55.70549, 5.0664], [-55.70616, 5.06448], [-55.7019, 5.06047], [-55.69969, 5.06108], [-55.69956, 5.05867], [-55.69392, 5.05215], [-55.69526, 5.05212], [-55.69538, 5.0481], [-55.69718, 5.04611], [-55.69916, 5.04742], [-55.70954, 5.03063], [-55.70886, 5.02753], [-55.71077, 5.0255], [-55.70982, 5.02431], [-55.7112, 5.02164], [-55.70941, 5.01796], [-55.70472, 5.01431], [-55.70501, 5.00814], [-55.67493, 5.00738], [-55.67126, 5.00925], [-55.66337, 5.02003], [-55.65469, 5.02801], [-55.63413, 5.0349], [-55.61699, 5.05209], [-55.60094, 5.05968], [-55.58828, 5.06911], [-55.58556, 5.07389], [-55.58867, 5.08304], [-55.58402, 5.09498], [-55.58181, 5.09547], [-55.57892, 5.09056], [-55.57387, 5.09415], [-55.56353, 5.08915], [-55.56226, 5.09451], [-55.54848, 5.1109], [-55.54233, 5.11272], [-55.53285, 5.09865], [-55.52937, 5.08914], [-55.51568, 5.08683], [-55.50634, 5.07963], [-55.50046, 5.0805], [-55.49798, 5.07015], [-55.4956, 5.06893], [-55.49593, 5.06291], [-55.49102, 5.0588], [-55.48832, 5.05374], [-55.48832, 5.05018], [-55.48596, 5.04765], [-55.49293, 5.03905], [-55.49603, 5.03852], [-55.49676, 5.03431], [-55.49249, 5.03093], [-55.48741, 5.03173], [-55.48147, 5.02532], [-55.48056, 5.02195], [-55.48213, 5.02027], [-55.47886, 5.01735], [-55.47837, 5.01272], [-55.47472, 5.00754], [-55.47151, 5.00673], [-55.46212, 4.99009], [-55.45522, 4.98552], [-55.45573, 4.98043], [-55.45003, 4.97115], [-55.45264, 4.96266], [-55.44466, 4.94813], [-55.43932, 4.94739], [-55.43087, 4.95112], [-55.43142, 4.94661], [-55.42857, 4.94296], [-55.43037, 4.93673], [-55.42881, 4.93477], [-55.41836, 4.93394], [-55.41446, 4.93565], [-55.40902, 4.92676], [-55.39754, 4.92283], [-55.39202, 4.91918], [-55.38844, 4.91412], [-55.38507, 4.90473], [-55.36985, 4.88375], [-55.36888, 4.87441], [-55.36519, 4.87137], [-55.35584, 4.8686], [-55.35192, 4.86464], [-55.34864, 4.8484], [-55.36375, 4.83236], [-55.3668, 4.82088], [-55.36433, 4.81345], [-55.37087, 4.80727], [-55.37639, 4.79866], [-55.37615, 4.78825], [-55.36409, 4.78769], [-55.36193, 4.78167], [-55.35827, 4.77906], [-55.35825, 4.7724], [-55.35695, 4.77136], [-55.34531, 4.77202], [-55.32515, 4.77714], [-55.31901, 4.77544], [-55.31106, 4.76769], [-55.30401, 4.76388], [-55.29664, 4.76333], [-55.28676, 4.76503], [-55.28237, 4.76371], [-55.2826, 4.74909], [-55.2863, 4.73493], [-55.2862, 4.71587], [-55.30114, 4.69129], [-55.29429, 4.66616], [-55.28572, 4.65963], [-55.28482, 4.65611], [-55.29359, 4.64113], [-55.30166, 4.63238], [-55.31308, 4.62747], [-55.32107, 4.62167], [-55.33213, 4.61963], [-55.34384, 4.62084], [-55.34268, 4.60739], [-55.35823, 4.59996], [-55.3587, 4.59227], [-55.36612, 4.58463], [-55.35799, 4.56922], [-55.35262, 4.56545], [-55.35095, 4.56204], [-55.34684, 4.55939], [-55.33025, 4.55533], [-55.32565, 4.54901], [-55.31626, 4.55048], [-55.31317, 4.54948], [-55.30796, 4.5456], [-55.3077, 4.54338], [-55.25205, 4.554], [-55.25351, 4.5527], [-55.25312, 4.53884], [-55.24483, 4.52768], [-55.23606, 4.5256], [-55.23256, 4.52004], [-55.23483, 4.51089], [-55.2326, 4.50274], [-55.23376, 4.49497], [-55.23821, 4.48495], [-55.24815, 4.4759], [-55.24827, 4.47403], [-55.24469, 4.47076], [-55.25271, 4.46806], [-55.25447, 4.46604], [-55.25605, 4.45862], [-55.25328, 4.45038], [-55.25601, 4.44204], [-55.25217, 4.43702], [-55.25214, 4.43284], [-55.25605, 4.42581], [-55.26555, 4.42235], [-55.2677, 4.4199], [-55.2696, 4.40368], [-55.26875, 4.39227], [-55.27293, 4.38328], [-55.27115, 4.37953], [-55.27203, 4.37647], [-55.267, 4.3737], [-55.26345, 4.37652], [-55.26002, 4.37414], [-55.25835, 4.36954], [-55.26015, 4.36721], [-55.25708, 4.361], [-55.25527, 4.35174], [-55.25056, 4.34116], [-55.24846, 4.3408], [-55.24572, 4.33741], [-55.24653, 4.32893], [-55.25143, 4.31967], [-55.24813, 4.31663], [-55.24807, 4.31391], [-55.25303, 4.30836], [-55.25624, 4.30817], [-55.25946, 4.30193], [-55.2654, 4.29718], [-55.26585, 4.28501], [-55.26782, 4.28137], [-55.27153, 4.27885], [-55.27546, 4.2802], [-55.2848, 4.27842], [-55.28709, 4.27553], [-55.29319, 4.27337], [-55.30446, 4.25847], [-55.29536, 4.25556], [-55.29262, 4.2498], [-55.2884, 4.24837], [-55.28876, 4.24703], [-55.28265, 4.24129], [-55.29047, 4.2321], [-55.29399, 4.22251], [-55.29829, 4.21946], [-55.30171, 4.21325], [-55.30182, 4.20842], [-55.31065, 4.19641], [-55.31171, 4.19033], [-55.31005, 4.18825], [-55.30922, 4.17842], [-55.31511, 4.16469], [-55.31038, 4.15387], [-55.30486, 4.14622], [-55.306, 4.13722], [-55.30892, 4.13459], [-55.30448, 4.12866], [-55.30331, 4.1207], [-55.29367, 4.11316], [-55.29424, 4.10842], [-55.29189, 4.10319], [-55.29472, 4.09866], [-55.29332, 4.09435], [-55.29406, 4.08406], [-55.29092, 4.08099], [-55.28732, 4.08039], [-55.28445, 4.07378], [-55.28512, 4.06907], [-55.29347, 4.05512], [-55.29014, 4.04706], [-55.28249, 4.043], [-55.27717, 4.03507], [-55.2724, 4.01687], [-55.27453, 4.0157], [-55.28192, 4.0167], [-55.28184, 4.00818], [-55.27589, 4.00472], [-55.27263, 3.99919], [-55.26736, 3.99888], [-55.26585, 4.002], [-55.25798, 4.00379], [-55.26017, 4.0083], [-55.258, 4.01198], [-55.2615, 4.01498], [-55.25543, 4.02098], [-55.25414, 4.02752], [-55.24935, 4.02912], [-55.24915, 4.03201], [-55.24499, 4.03168], [-55.24373, 4.03884], [-55.24186, 4.04084], [-55.23714, 4.04277], [-55.23505, 4.04099], [-55.23407, 4.04332], [-55.23271, 4.04319], [-55.2311, 4.03727], [-55.22208, 4.04537], [-55.2178, 4.04191], [-55.21459, 4.04289], [-55.2122, 4.04068], [-55.20644, 4.04188], [-55.19932, 4.04808], [-55.19237, 4.04997], [-55.1856, 4.04795], [-55.18413, 4.04903], [-55.18478, 4.05081], [-55.17818, 4.05714], [-55.17548, 4.06555], [-55.16989, 4.06674], [-55.16294, 4.07131], [-55.15818, 4.0707], [-55.15505, 4.07307], [-55.15389, 4.07814], [-55.15729, 4.08249], [-55.15695, 4.0852], [-55.15174, 4.08668], [-55.14802, 4.08513], [-55.14759, 4.09172], [-55.14325, 4.0989], [-55.13062, 4.10828], [-55.12996, 4.11599], [-55.12286, 4.12126], [-55.11924, 4.12078], [-55.12175, 4.1269], [-55.1144, 4.13298], [-55.10669, 4.13155], [-55.10302, 4.13318], [-55.09898, 4.13226], [-55.09686, 4.1276], [-55.09369, 4.12655], [-55.08772, 4.11785], [-55.06816, 4.11757], [-55.06175, 4.12229], [-55.05143, 4.11601], [-55.0477, 4.12895], [-55.04797, 4.13595], [-55.03659, 4.15423], [-55.03744, 4.16055], [-55.03923, 4.16145], [-55.04086, 4.16726], [-55.04027, 4.17358], [-55.03865, 4.17614], [-55.03216, 4.17842], [-55.02908, 4.18312], [-55.02327, 4.18358], [-55.01883, 4.18702], [-55.00585, 4.19154], [-54.99257, 4.19345], [-54.98831, 4.1839], [-54.97981, 4.18334], [-54.98217, 4.17231], [-54.9748, 4.16896], [-54.96906, 4.16015], [-54.95928, 4.15304], [-54.95256, 4.13539], [-54.94989, 4.13292], [-54.94435, 4.13171], [-54.93451, 4.13673], [-54.93322, 4.13954], [-54.9335, 4.14339], [-54.93668, 4.14777], [-54.9356, 4.15162], [-54.93137, 4.15555], [-54.9312, 4.15846], [-54.93735, 4.17433], [-54.93144, 4.18046], [-54.9236, 4.18199], [-54.92091, 4.18852], [-54.91714, 4.18764], [-54.91269, 4.1896], [-54.89984, 4.18759], [-54.89388, 4.18938], [-54.89326, 4.1931], [-54.89769, 4.19793], [-54.89628, 4.20741], [-54.89962, 4.21188], [-54.89477, 4.21831], [-54.88299, 4.22636], [-54.88304, 4.23076], [-54.88686, 4.23449], [-54.8873, 4.23763], [-54.88371, 4.24322], [-54.88385, 4.25234], [-54.8759, 4.26056], [-54.8775, 4.26552], [-54.87364, 4.27385], [-54.87269, 4.2811], [-54.87483, 4.28744], [-54.88267, 4.28368], [-54.89307, 4.28542], [-54.89013, 4.30126], [-54.89428, 4.31376], [-54.90092, 4.32352], [-54.89292, 4.32945], [-54.89522, 4.33508], [-54.89137, 4.33983], [-54.87709, 4.36872], [-54.87954, 4.38978], [-54.87725, 4.41323], [-54.87812, 4.41914], [-54.88451, 4.42579], [-54.88477, 4.43458], [-54.88309, 4.44242], [-54.88097, 4.44657], [-54.87139, 4.44925], [-54.86301, 4.45819], [-54.8556, 4.47465], [-54.84709, 4.47319], [-54.84395, 4.4757], [-54.8386, 4.49369], [-54.82876, 4.50456], [-54.83781, 4.52068], [-54.83288, 4.5235], [-54.82508, 4.53136], [-54.81498, 4.55559], [-54.81888, 4.60141], [-54.81638, 4.60875], [-54.82024, 4.62874], [-54.82882, 4.64339], [-54.82854, 4.64713], [-54.83162, 4.65128], [-54.82863, 4.6549], [-54.83087, 4.65851], [-54.83167, 4.68465], [-54.81263, 4.6857], [-54.80562, 4.69532], [-54.80276, 4.69428], [-54.80176, 4.69887], [-54.79603, 4.70168], [-54.7937, 4.71404], [-54.79098, 4.71831], [-54.79739, 4.72957], [-54.80003, 4.74018], [-54.79527, 4.74893], [-54.79271, 4.75045], [-54.79193, 4.75596], [-54.78523, 4.76183], [-54.78195, 4.76267], [-54.78057, 4.76507], [-54.7757, 4.78101], [-54.77493, 4.80733], [-54.7495, 4.87334], [-54.72095, 4.88847], [-54.746, 4.9274], [-54.7462, 4.93425], [-54.75066, 4.93771], [-54.76061, 4.9562], [-54.76593, 4.96261], [-54.77698, 4.96873], [-54.7867, 4.96968], [-54.80624, 4.98123], [-54.81729, 4.98494], [-54.82159, 4.98851], [-54.82488, 4.98672], [-54.82774, 4.98738], [-54.82765, 4.99201], [-54.8359, 5.00069], [-54.845, 4.99548], [-54.84933, 5.00299], [-54.84274, 5.00923], [-54.83946, 5.01495], [-54.83229, 5.01883], [-54.82997, 5.02205], [-54.82576, 5.02221], [-54.81639, 5.03149], [-54.81764, 5.03886], [-54.81359, 5.04484], [-54.8167, 5.04921], [-54.80894, 5.05382], [-54.80866, 5.05677], [-54.80289, 5.05943], [-54.80436, 5.06724], [-54.81536, 5.07023], [-54.81825, 5.07383], [-54.81774, 5.07551], [-54.81393, 5.07645], [-54.81016, 5.08003], [-54.8015, 5.08281], [-54.7979, 5.0888], [-54.79798, 5.09243], [-54.80154, 5.09926], [-54.79899, 5.10147], [-54.79934, 5.10465], [-54.802, 5.10984], [-54.80199, 5.11229], [-54.79895, 5.11455], [-54.79885, 5.11628], [-54.80072, 5.1137], [-54.80171, 5.11565], [-54.79973, 5.12437], [-54.80121, 5.12741], [-54.79979, 5.13232], [-54.79852, 5.13245], [-54.80068, 5.13695], [-54.80466, 5.13905], [-54.80529, 5.15318], [-54.80906, 5.16332], [-54.8072, 5.16472], [-54.80544, 5.16354], [-54.80398, 5.1663], [-54.79922, 5.16819], [-54.80047, 5.17324], [-54.79801, 5.17514], [-54.79704, 5.18172], [-54.79426, 5.18689], [-54.7919, 5.18706], [-54.79284, 5.18966], [-54.78955, 5.19768], [-54.78458, 5.19649], [-54.77786, 5.19946], [-54.77474, 5.19695], [-54.77234, 5.19762], [-54.77269, 5.20049], [-54.76983, 5.20147], [-54.76921, 5.19979], [-54.76684, 5.20324], [-54.76462, 5.20246], [-54.7598, 5.20862], [-54.75758, 5.20706], [-54.75385, 5.21309], [-54.74826, 5.21634], [-54.74794, 5.21843], [-54.74404, 5.21928], [-54.74262, 5.22322], [-54.74026, 5.22412], [-54.74166, 5.22431], [-54.7413, 5.22563], [-54.7388, 5.22675], [-54.73838, 5.23002], [-54.73666, 5.23115], [-54.7381, 5.23361], [-54.73565, 5.23469], [-54.73677, 5.23615], [-54.73469, 5.23673], [-54.73554, 5.23878], [-54.73222, 5.24208], [-54.73507, 5.25631], [-54.73352, 5.25939], [-54.73585, 5.2658], [-54.73389, 5.26893], [-54.73013, 5.27014], [-54.72898, 5.27354], [-54.72681, 5.27204], [-54.72463, 5.27398], [-54.71779, 5.27423], [-54.71773, 5.27795], [-54.71436, 5.28189], [-54.71584, 5.28771], [-54.71265, 5.29142], [-54.70934, 5.29205], [-54.7091, 5.295], [-54.69864, 5.29578], [-54.69577, 5.29822], [-54.6954, 5.30153], [-54.69345, 5.3008], [-54.6953, 5.30417], [-54.6926, 5.30911], [-54.68792, 5.31322], [-54.69004, 5.31527], [-54.68748, 5.32244], [-54.68833, 5.32458], [-54.68186, 5.33491], [-54.68344, 5.3355], [-54.68496, 5.3425], [-54.68255, 5.3444], [-54.68121, 5.35189], [-54.68486, 5.35772], [-54.67886, 5.36042], [-54.67661, 5.36831], [-54.678, 5.37359], [-54.67215, 5.37388], [-54.66995, 5.38377], [-54.66686, 5.38533], [-54.66581, 5.38947], [-54.62769, 5.3903], [-54.6255, 5.38427], [-54.61969, 5.37872], [-54.61958, 5.37084], [-54.61508, 5.36904], [-54.61364, 5.36241], [-54.60121, 5.36482], [-54.59651, 5.36187], [-54.5925, 5.35638], [-54.58691, 5.35735], [-54.58519, 5.35358], [-54.578, 5.35085], [-54.5786, 5.34832], [-54.57153, 5.34452], [-54.5673, 5.34474], [-54.56288, 5.34143], [-54.56049, 5.33623], [-54.54972, 5.33777], [-54.54784, 5.334], [-54.53832, 5.32996], [-54.53858, 5.32536], [-54.53384, 5.32383], [-54.5333, 5.32042], [-54.52819, 5.32135], [-54.52821, 5.31683], [-54.52015, 5.31466], [-54.51728, 5.30921], [-54.51391, 5.31023], [-54.51057, 5.31506], [-54.50863, 5.31521], [-54.50465, 5.31202], [-54.50012, 5.31688], [-54.49614, 5.31313], [-54.49073, 5.31212], [-54.48806, 5.31512], [-54.48094, 5.31509], [-54.47788, 5.32012], [-54.47404, 5.32046], [-54.47567, 5.30897], [-54.47969, 5.30276], [-54.4799, 5.29978], [-54.47823, 5.29768], [-54.48624, 5.29648], [-54.49144, 5.29111], [-54.49044, 5.28385], [-54.49308, 5.27815], [-54.48973, 5.27528], [-54.49031, 5.26866], [-54.48866, 5.26596], [-54.48426, 5.273], [-54.46924, 5.2804], [-54.4663, 5.28669], [-54.45956, 5.28845], [-54.45167, 5.28659], [-54.44045, 5.28135], [-54.43617, 5.28232], [-54.43101, 5.27831], [-54.42716, 5.27194], [-54.42281, 5.26946], [-54.4158, 5.26902], [-54.41253, 5.26511], [-54.40581, 5.26477], [-54.40226, 5.26237], [-54.39799, 5.26188], [-54.39147, 5.26401], [-54.38679, 5.2634], [-54.38596, 5.26094], [-54.38322, 5.26103], [-54.37728, 5.25638], [-54.37518, 5.25636], [-54.37567, 5.25199], [-54.37286, 5.24757], [-54.36968, 5.24709], [-54.36348, 5.24262], [-54.35975, 5.24256], [-54.35253, 5.2392], [-54.34906, 5.24021], [-54.34314, 5.23488], [-54.33956, 5.2379], [-54.33677, 5.23477], [-54.33398, 5.23561], [-54.33171, 5.23383], [-54.32834, 5.23664], [-54.32486, 5.23534], [-54.31946, 5.23714], [-54.31891, 5.23595], [-54.31812, 5.23722], [-54.31524, 5.23525], [-54.31131, 5.23628], [-54.31095, 5.23455], [-54.30649, 5.23575], [-54.29315, 5.23419], [-54.30625, 5.21997], [-54.31163, 5.20482], [-54.32502, 5.1873], [-54.3297, 5.17463], [-54.33455, 5.16659], [-54.34514, 5.15804], [-54.34437, 5.14226], [-54.34496, 5.14324], [-54.36163, 5.13203], [-54.36387, 5.13255], [-54.36661, 5.12118], [-54.3656, 5.1162], [-54.36871, 5.11293], [-54.36866, 5.10955], [-54.38189, 5.09797], [-54.39323, 5.0905], [-54.4001, 5.08785], [-54.40689, 5.0813], [-54.40637, 5.07517], [-54.41504, 5.06241], [-54.41695, 5.05557], [-54.41605, 5.05306], [-54.4217, 5.03662], [-54.4368, 5.01522], [-54.4352, 4.99222], [-54.44017, 4.97991], [-54.43678, 4.97575], [-54.43577, 4.97005], [-54.43714, 4.94944], [-54.44106, 4.94425], [-54.44122, 4.93977], [-54.44697, 4.9281], [-54.44708, 4.92381], [-54.45109, 4.92034], [-54.45196, 4.91667], [-54.45492, 4.91401], [-54.46091, 4.91598], [-54.46801, 4.91234], [-54.4749, 4.9022], [-54.47402, 4.89585], [-54.46757, 4.89201], [-54.46765, 4.88146], [-54.46406, 4.87462], [-54.46282, 4.86345], [-54.46548, 4.85239], [-54.46429, 4.82547], [-54.46577, 4.81298], [-54.4609, 4.80537], [-54.46281, 4.78968], [-54.45822, 4.78152], [-54.46036, 4.77051], [-54.46013, 4.76131], [-54.46304, 4.75667], [-54.46109, 4.73607], [-54.45682, 4.72908], [-54.44632, 4.73281], [-54.44249, 4.73005], [-54.43106, 4.72778], [-54.42418, 4.72453], [-54.41433, 4.71546], [-54.41514, 4.70125], [-54.41839, 4.69345], [-54.41936, 4.69448], [-54.42372, 4.68878], [-54.42571, 4.67157], [-54.41963, 4.66744], [-54.4214, 4.66541], [-54.42043, 4.66423], [-54.41818, 4.66525], [-54.4159, 4.66235], [-54.41067, 4.66111], [-54.41071, 4.66293], [-54.40726, 4.66139], [-54.4076, 4.65842], [-54.41032, 4.65695], [-54.40662, 4.65436], [-54.40675, 4.64969], [-54.40982, 4.64583], [-54.41516, 4.64358], [-54.42163, 4.63564], [-54.42033, 4.63267], [-54.4225, 4.63177], [-54.42275, 4.62847], [-54.41573, 4.61929], [-54.40971, 4.61716], [-54.40698, 4.61323], [-54.40408, 4.60557], [-54.40302, 4.59504], [-54.39939, 4.5902], [-54.39783, 4.58156], [-54.39785, 4.5741], [-54.4023, 4.56862], [-54.40391, 4.56001], [-54.40888, 4.55424], [-54.41055, 4.55454], [-54.41423, 4.54549], [-54.41281, 4.54396], [-54.41386, 4.5413], [-54.41955, 4.53585], [-54.42541, 4.53692], [-54.42869, 4.53356], [-54.43164, 4.53565], [-54.43641, 4.5329], [-54.43646, 4.52501], [-54.44246, 4.51376], [-54.44152, 4.50831], [-54.43721, 4.50107], [-54.43641, 4.49165], [-54.43306, 4.48401], [-54.43507, 4.47981], [-54.43293, 4.47793], [-54.42957, 4.46623], [-54.43053, 4.45585], [-54.43274, 4.4512], [-54.43059, 4.44574], [-54.43455, 4.43824], [-54.43297, 4.43429], [-54.43301, 4.42724], [-54.42945, 4.42429], [-54.42844, 4.41988], [-54.42345, 4.42242], [-54.42043, 4.42146], [-54.41043, 4.41461], [-54.40414, 4.4071], [-54.40473, 4.40081], [-54.4085, 4.40035], [-54.4162, 4.39236], [-54.41365, 4.38492], [-54.41729, 4.3795], [-54.414, 4.37901], [-54.41353, 4.37679], [-54.41189, 4.37748], [-54.40843, 4.37156], [-54.40337, 4.37028], [-54.40054, 4.3712], [-54.39359, 4.36657], [-54.38486, 4.35113], [-54.38998, 4.333], [-54.3884, 4.32955], [-54.38583, 4.32916], [-54.3829, 4.32561], [-54.3838, 4.3222], [-54.39003, 4.31832], [-54.39305, 4.3029], [-54.39053, 4.28351], [-54.38144, 4.27046], [-54.38117, 4.26114], [-54.38598, 4.24824], [-54.38546, 4.2442], [-54.37983, 4.23749], [-54.3792, 4.23414], [-54.37999, 4.22818], [-54.38518, 4.22146], [-54.38597, 4.21603], [-54.39363, 4.20989], [-54.39466, 4.20242], [-54.38619, 4.18296], [-54.37712, 4.17925], [-54.36435, 4.17721], [-54.35878, 4.18223], [-54.35459, 4.18299], [-54.34112, 4.17491], [-54.33721, 4.16794], [-54.3374, 4.16111], [-54.31869, 4.14736], [-54.31828, 4.14455], [-54.32144, 4.14373], [-54.32166, 4.13461], [-54.32961, 4.12731], [-54.32934, 4.12052], [-54.33603, 4.11813], [-54.33726, 4.11346], [-54.33995, 4.11299], [-54.34137, 4.11485], [-54.34298, 4.1139], [-54.34293, 4.11138], [-54.33794, 4.10844], [-54.33807, 4.10371], [-54.34203, 4.09446], [-54.34129, 4.08298], [-54.34621, 4.0757], [-54.35133, 4.07267], [-54.34943, 4.06753], [-54.35527, 4.05259], [-54.35552, 4.04757], [-54.35131, 4.04379], [-54.34993, 4.04719], [-54.34808, 4.0479], [-54.3387, 4.04178], [-54.33013, 4.0301], [-54.32202, 4.02497], [-54.32227, 4.02067], [-54.32057, 4.01823], [-54.31506, 4.0185], [-54.31042, 4.01324], [-54.30619, 4.01332], [-54.29637, 4.00761], [-54.29391, 4.00426], [-54.28869, 4.00286], [-54.28775, 4.00038], [-54.28901, 3.99384], [-54.28158, 3.98815], [-54.2772, 3.98024], [-54.27021, 3.97428], [-54.26691, 3.97344], [-54.26841, 3.97036], [-54.27039, 3.97038], [-54.26959, 3.96777], [-54.27435, 3.96307], [-54.27011, 3.95886], [-54.26961, 3.95452], [-54.26519, 3.9507], [-54.26838, 3.94623], [-54.27264, 3.94485], [-54.27291, 3.93675], [-54.27064, 3.93438], [-54.26438, 3.93552], [-54.2542, 3.93076], [-54.25444, 3.92872], [-54.25064, 3.92327], [-54.24805, 3.92274], [-54.24471, 3.90229], [-54.2476, 3.8889], [-54.24219, 3.87865], [-54.23612, 3.87768], [-54.23448, 3.87597], [-54.23339, 3.86986], [-54.22813, 3.86369], [-54.21582, 3.86333], [-54.20455, 3.85449], [-54.19492, 3.85238], [-54.18837, 3.84393], [-54.1885, 3.8371], [-54.19314, 3.82969], [-54.19428, 3.82382], [-54.1982, 3.82022], [-54.19796, 3.81236], [-54.19586, 3.80821], [-54.18716, 3.80298], [-54.17487, 3.80419], [-54.16358, 3.80819], [-54.15298, 3.80603], [-54.14691, 3.80649], [-54.13006, 3.80136], [-54.11945, 3.79313], [-54.11268, 3.77582], [-54.11133, 3.76855], [-54.09935, 3.75238], [-54.09482, 3.73485], [-54.08222, 3.72338], [-54.07746, 3.71347], [-54.07755, 3.70736], [-54.08188, 3.69308], [-54.08507, 3.69171], [-54.08579, 3.68934], [-54.08386, 3.68383], [-54.08066, 3.68125], [-54.07777, 3.6727], [-54.07156, 3.67065], [-54.0513, 3.65683], [-54.04873, 3.65204], [-54.04859, 3.6466], [-54.05157, 3.63842], [-54.04824, 3.63545], [-54.04244, 3.6362], [-54.03072, 3.63415], [-54.02696, 3.63859], [-54.02805, 3.64332], [-54.02476, 3.6475], [-54.01587, 3.65161], [-54.01175, 3.65192], [-54.00758, 3.65015], [-54.00343, 3.64712], [-53.99589, 3.63635], [-53.99133, 3.62744], [-53.99115, 3.62011], [-53.98915, 3.61634], [-53.98121, 3.61404], [-53.97867, 3.60653], [-53.98253, 3.60072], [-53.97976, 3.59741], [-53.98379, 3.59323], [-53.9828, 3.58733], [-53.98569, 3.578], [-53.99749, 3.57194], [-54.00295, 3.56346], [-54.00392, 3.55779], [-54.00267, 3.5446], [-54.00438, 3.54016], [-54.00806, 3.53726], [-54.00448, 3.53109], [-54.00048, 3.52922], [-53.99864, 3.52577], [-54.00507, 3.51316], [-54.00694, 3.50546], [-54.00722, 3.49317], [-54.00641, 3.46596], [-54.00167, 3.46034], [-53.99912, 3.44994], [-54.00059, 3.44562], [-54.00566, 3.44099], [-54.00595, 3.43835], [-54.00371, 3.43748], [-54.00364, 3.44026], [-54.00139, 3.44215], [-53.99991, 3.44111], [-53.99966, 3.43736], [-54.00957, 3.4274], [-54.00946, 3.42449], [-54.01397, 3.42031], [-54.02259, 3.40735], [-54.03215, 3.40381], [-54.03645, 3.40053], [-54.04537, 3.38545], [-54.04511, 3.38278], [-54.05339, 3.3828], [-54.0519, 3.37837], [-54.05439, 3.37576], [-54.05476, 3.37187], [-54.05135, 3.36469], [-54.06332, 3.33905], [-54.06215, 3.3342], [-54.05713, 3.33183], [-54.05966, 3.32557], [-54.0566, 3.31935], [-54.05326, 3.31824], [-54.05307, 3.31452], [-54.05443, 3.31393], [-54.05304, 3.31287], [-54.05758, 3.31155], [-54.0587, 3.30038], [-54.06333, 3.29609], [-54.06705, 3.29592], [-54.0699, 3.29182], [-54.07038, 3.28889], [-54.0656, 3.28581], [-54.06622, 3.28331], [-54.07175, 3.27982], [-54.07413, 3.27484], [-54.07784, 3.27457], [-54.0793, 3.27174], [-54.08547, 3.26723], [-54.08365, 3.26293], [-54.08529, 3.26119], [-54.08498, 3.25647], [-54.09096, 3.25009], [-54.08999, 3.24804], [-54.08471, 3.25004], [-54.08169, 3.24937], [-54.07875, 3.24034], [-54.08222, 3.23612], [-54.08463, 3.22855], [-54.09084, 3.23022], [-54.08731, 3.217], [-54.08265, 3.2141], [-54.08708, 3.20284], [-54.08661, 3.19798], [-54.08286, 3.19639], [-54.08005, 3.19749], [-54.07877, 3.20039], [-54.07966, 3.20574], [-54.07808, 3.20806], [-54.07657, 3.20774], [-54.07512, 3.20394], [-54.06989, 3.20941], [-54.06073, 3.20962], [-54.0578, 3.20789], [-54.05298, 3.19989], [-54.05547, 3.19224], [-54.04751, 3.19469], [-54.04439, 3.19075], [-54.04697, 3.18642], [-54.05397, 3.18793], [-54.05627, 3.18411], [-54.0659, 3.17821], [-54.071, 3.17091], [-54.08131, 3.1691], [-54.08695, 3.1636], [-54.08687, 3.16137], [-54.07994, 3.15641], [-54.07914, 3.14764], [-54.07676, 3.14575], [-54.06713, 3.14663], [-54.06245, 3.14281], [-54.05878, 3.14508], [-54.05787, 3.14952], [-54.06173, 3.15223], [-54.06216, 3.15469], [-54.05938, 3.15546], [-54.05137, 3.15339], [-54.05015, 3.15123], [-54.0516, 3.14038], [-54.04775, 3.13378], [-54.04218, 3.13197], [-54.04116, 3.13009], [-54.04334, 3.12659], [-54.04768, 3.12437], [-54.04672, 3.12179], [-54.04163, 3.12489], [-54.03277, 3.12501], [-54.02947, 3.1295], [-54.02405, 3.13031], [-54.01858, 3.12968], [-54.01482, 3.1241], [-54.00941, 3.12217], [-54.00706, 3.11326], [-54.01119, 3.10746], [-54.01094, 3.10269], [-54.0146, 3.10197], [-54.01723, 3.09871], [-54.00506, 3.08806], [-54.00422, 3.08086], [-53.99909, 3.08015], [-53.99833, 3.07809], [-54.00034, 3.07514], [-53.99534, 3.06808], [-54.00592, 3.06232], [-54.00811, 3.06397], [-54.00882, 3.06725], [-54.01103, 3.0667], [-54.0137, 3.05979], [-54.00775, 3.05615], [-54.00514, 3.04632], [-54.01268, 3.03655], [-54.01614, 3.03538], [-54.01797, 3.03061], [-54.02581, 3.0341], [-54.02699, 3.04219], [-54.02999, 3.03609], [-54.02862, 3.03061], [-54.02013, 3.02478], [-54.01547, 3.01892], [-54.00113, 3.01365], [-53.99478, 3.00187], [-53.98785, 2.99581], [-53.98812, 2.99235], [-53.99294, 2.98744], [-54.00075, 2.98751], [-53.99313, 2.98281], [-53.99256, 2.97693], [-53.99518, 2.97218], [-54.00126, 2.96719], [-54.00106, 2.96191], [-54.00408, 2.95855], [-54.00374, 2.95266], [-54.0062, 2.94815], [-54.00356, 2.94093], [-54.00369, 2.93515], [-54.00562, 2.93186], [-54.00468, 2.92716], [-54.00885, 2.92093], [-54.00943, 2.91674], [-54.0045, 2.90122], [-54.00052, 2.89512], [-53.9991, 2.88618], [-53.98584, 2.88317], [-53.98046, 2.88017], [-53.97869, 2.87749], [-53.97793, 2.87308], [-53.97533, 2.86962], [-53.97741, 2.86677], [-53.9753, 2.85843], [-53.97691, 2.85551], [-53.97415, 2.85418], [-53.97286, 2.85127], [-53.97504, 2.84545], [-53.97215, 2.8421], [-53.97039, 2.83358], [-53.97248, 2.82984], [-53.97204, 2.82754], [-53.97525, 2.82559], [-53.97955, 2.82704], [-53.98735, 2.82109], [-53.99472, 2.81864], [-53.99412, 2.81246], [-54.00061, 2.80966], [-54.00588, 2.80367], [-54.00505, 2.80006], [-54.0077, 2.79514], [-54.00771, 2.78866], [-54.01154, 2.78663], [-54.00856, 2.78434], [-54.00869, 2.78157], [-54.01467, 2.77798], [-54.0111, 2.77029], [-54.01159, 2.76608], [-54.00957, 2.76284], [-54.00277, 2.75837], [-54.00423, 2.74841], [-54.01105, 2.7453], [-54.01248, 2.74302], [-54.0131, 2.73414], [-54.00857, 2.73388], [-54.00762, 2.73088], [-54.00344, 2.72883], [-54.00119, 2.72306], [-54.00287, 2.72018], [-54.01004, 2.71719], [-54.01125, 2.71251], [-54.00599, 2.71334], [-54.00385, 2.71045], [-54.00601, 2.70301], [-53.99992, 2.70251], [-53.99493, 2.69397], [-54.00152, 2.68534], [-54.00272, 2.68114], [-54.00128, 2.67839], [-53.99539, 2.67517], [-53.9962, 2.67021], [-54.00066, 2.66782], [-54.01042, 2.65263], [-54.00739, 2.65358], [-54.0058, 2.64973], [-54.00821, 2.64493], [-54.00252, 2.62538], [-54.00287, 2.61289], [-53.99396, 2.6063], [-53.99064, 2.59957], [-53.99558, 2.59461], [-53.99496, 2.58997], [-53.99736, 2.58309], [-54.00437, 2.58422], [-54.00835, 2.58279], [-54.01346, 2.57656], [-54.01349, 2.56487], [-54.0197, 2.56408], [-54.02258, 2.56136], [-54.02179, 2.55736], [-54.01877, 2.55463], [-54.01782, 2.55078], [-54.02006, 2.54566], [-54.01341, 2.53203], [-54.01342, 2.52723], [-54.01901, 2.52099], [-54.03032, 2.51846], [-54.02955, 2.50772], [-54.04648, 2.4815], [-54.04587, 2.47108], [-54.05228, 2.4554], [-54.05711, 2.42914], [-54.08121, 2.40213], [-54.0841, 2.39332], [-54.09813, 2.38262], [-54.10757, 2.36486], [-54.11634, 2.35543], [-54.12546, 2.33815], [-54.15672, 2.31194], [-54.16184, 2.3009], [-54.16265, 2.29289], [-54.15583, 2.27958], [-54.15442, 2.26885], [-54.15788, 2.25889], [-54.16166, 2.25097], [-54.17179, 2.24211], [-54.16904, 2.23527], [-54.1694, 2.22844], [-54.17321, 2.22289], [-54.18631, 2.22067], [-54.19562, 2.21425], [-54.19737, 2.20976], [-54.19738, 2.20332], [-54.2036, 2.18616], [-54.19507, 2.1844], [-54.18995, 2.17255], [-54.19169, 2.16217], [-54.20149, 2.1486], [-54.22628, 2.12906], [-54.2345, 2.12632], [-54.24263, 2.13183], [-54.25088, 2.13304], [-54.27092, 2.1274], [-54.29049, 2.12622], [-54.30901, 2.13822], [-54.32011, 2.13765], [-54.33562, 2.13253], [-54.34275, 2.13447], [-54.34824, 2.15199], [-54.36408, 2.15333], [-54.3653, 2.16236], [-54.36412, 2.17962], [-54.37305, 2.18242], [-54.3863, 2.18204], [-54.411, 2.17533], [-54.41621, 2.1753], [-54.42274, 2.18827], [-54.42795, 2.1896], [-54.43997, 2.1836], [-54.44971, 2.18357], [-54.45853, 2.18798], [-54.46476, 2.18691], [-54.47257, 2.18863], [-54.4825, 2.20265], [-54.49572, 2.21376], [-54.49819, 2.22163], [-54.50213, 2.22754], [-54.50893, 2.22907], [-54.51868, 2.22599], [-54.52705, 2.23213], [-54.5387, 2.23695], [-54.54437, 2.23772], [-54.54775, 2.2441], [-54.54444, 2.25064], [-54.51803, 2.2531], [-54.51416, 2.25932], [-54.53358, 2.26736], [-54.51575, 2.27642], [-54.515, 2.28248], [-54.51976, 2.28911], [-54.52901, 2.29107], [-54.53435, 2.29399], [-54.53864, 2.30519], [-54.53357, 2.31295], [-54.53323, 2.31644], [-54.54525, 2.32628], [-54.55502, 2.32527], [-54.55656, 2.33035], [-54.56362, 2.32598], [-54.57436, 2.32698], [-54.57905, 2.32422], [-54.58739, 2.32251], [-54.59103, 2.32412], [-54.59313, 2.32925], [-54.59693, 2.33317], [-54.60668, 2.33534], [-54.60901, 2.3297], [-54.61666, 2.32946], [-54.61686, 2.32452], [-54.61396, 2.31941], [-54.6205, 2.31638], [-54.62502, 2.32083], [-54.62355, 2.32469], [-54.62473, 2.32571], [-54.63324, 2.32254], [-54.63732, 2.32364], [-54.64193, 2.32225], [-54.65396, 2.327], [-54.66079, 2.3272], [-54.66367, 2.32525], [-54.66701, 2.32589], [-54.67019, 2.32448], [-54.67642, 2.32973], [-54.68308, 2.32951], [-54.68871, 2.33178], [-54.69801, 2.32998], [-54.70213, 2.33756], [-54.70682, 2.3401], [-54.70422, 2.34857], [-54.6943, 2.35336], [-54.69346, 2.35745], [-54.69602, 2.36386], [-54.70454, 2.36244], [-54.70657, 2.36359], [-54.70913, 2.36785], [-54.70917, 2.37253], [-54.7168, 2.37796], [-54.71792, 2.38141], [-54.71476, 2.38563], [-54.71471, 2.39057], [-54.71039, 2.3936], [-54.71403, 2.39824], [-54.71148, 2.39982], [-54.70837, 2.40699], [-54.69815, 2.40686], [-54.69141, 2.40918], [-54.69323, 2.41604], [-54.68803, 2.4201], [-54.68852, 2.42305], [-54.69457, 2.42126], [-54.69928, 2.42384], [-54.70001, 2.43128], [-54.70355, 2.43347], [-54.70177, 2.43744], [-54.6946, 2.43728], [-54.68702, 2.44448], [-54.6871, 2.44898], [-54.69127, 2.44822], [-54.69463, 2.45184], [-54.69209, 2.45802], [-54.69629, 2.46206], [-54.71541, 2.46039], [-54.7225, 2.46635], [-54.73106, 2.4631], [-54.73588, 2.4704], [-54.73997, 2.47163], [-54.74263, 2.47125], [-54.74656, 2.46597], [-54.75238, 2.46685], [-54.75745, 2.46454], [-54.76286, 2.46882], [-54.76548, 2.47408], [-54.76911, 2.47508], [-54.7722, 2.47224], [-54.77707, 2.47073], [-54.77942, 2.46708], [-54.77882, 2.45811], [-54.77197, 2.45898], [-54.77444, 2.44863], [-54.78271, 2.44275], [-54.79568, 2.44667], [-54.7985, 2.44618], [-54.79788, 2.44025], [-54.80036, 2.4339], [-54.80284, 2.43124], [-54.80708, 2.43335], [-54.80915, 2.43141], [-54.81475, 2.43126], [-54.81741, 2.42283], [-54.82953, 2.42158], [-54.83487, 2.42402], [-54.83957, 2.42399], [-54.84086, 2.42591], [-54.83859, 2.43092], [-54.83972, 2.43394], [-54.84534, 2.42924], [-54.85179, 2.43012], [-54.85621, 2.42752], [-54.86505, 2.43136], [-54.8696, 2.43024], [-54.87707, 2.43609], [-54.87722, 2.44564], [-54.876, 2.44768], [-54.87826, 2.45228], [-54.87275, 2.46107], [-54.87512, 2.46374], [-54.87684, 2.47044], [-54.8808, 2.47136], [-54.88359, 2.47722], [-54.88786, 2.48031], [-54.8907, 2.4807], [-54.89502, 2.47862], [-54.91371, 2.48479], [-54.91179, 2.49819], [-54.91554, 2.49944], [-54.92631, 2.49832], [-54.92612, 2.50829], [-54.93135, 2.51119], [-54.9313, 2.51628], [-54.93684, 2.51472], [-54.94026, 2.52137], [-54.94783, 2.52368], [-54.9493, 2.53049], [-54.95829, 2.53705], [-54.95929, 2.54417], [-54.96406, 2.54682], [-54.96494, 2.55779], [-54.96912, 2.55741], [-54.97264, 2.56105], [-54.96854, 2.56518], [-54.97133, 2.56664], [-54.9703, 2.57144], [-54.96456, 2.56889], [-54.95772, 2.58633], [-54.95543, 2.58569], [-54.95297, 2.58152], [-54.93684, 2.58589], [-54.9371, 2.59081], [-54.93952, 2.59099], [-54.94024, 2.59281], [-54.93768, 2.59774], [-54.93397, 2.59795], [-54.93452, 2.60089], [-54.93102, 2.60705], [-54.93222, 2.61098], [-54.93587, 2.6119], [-54.93991, 2.61719], [-54.93991, 2.61926], [-54.93585, 2.62302], [-54.93912, 2.62653], [-54.94283, 2.62538], [-54.9504, 2.61545], [-54.96124, 2.60739], [-54.96649, 2.60916], [-54.96819, 2.60353], [-54.96664, 2.59876], [-54.96929, 2.59693], [-54.97017, 2.59064], [-54.97681, 2.59252], [-54.98106, 2.59188], [-54.98775, 2.59486], [-54.99076, 2.59247], [-54.99354, 2.5932], [-55.00249, 2.58648], [-55.00663, 2.5902], [-55.01328, 2.58908], [-55.01616, 2.58593], [-55.01739, 2.57712], [-55.02679, 2.57542], [-55.02925, 2.57102], [-55.03297, 2.56834], [-55.03887, 2.55708], [-55.04307, 2.55525], [-55.04842, 2.557], [-55.06097, 2.5481], [-55.07037, 2.53732], [-55.06903, 2.53255], [-55.0745, 2.52295], [-55.07671, 2.52321], [-55.08678, 2.5312], [-55.09473, 2.53364], [-55.09845, 2.52923], [-55.10586, 2.52547], [-55.10478, 2.52099], [-55.1103, 2.51813], [-55.11647, 2.51723], [-55.1187, 2.5132], [-55.12173, 2.51242], [-55.12608, 2.51945], [-55.1283, 2.53482], [-55.12261, 2.54724], [-55.12413, 2.54994], [-55.12845, 2.55073], [-55.12659, 2.55817], [-55.12472, 2.56002], [-55.12472, 2.56592], [-55.1304, 2.56855], [-55.14316, 2.56566], [-55.15083, 2.5619], [-55.15511, 2.56416], [-55.15164, 2.56944], [-55.15679, 2.57502], [-55.16291, 2.56909], [-55.17254, 2.55468], [-55.17975, 2.55281], [-55.18605, 2.55692], [-55.19365, 2.55348], [-55.19724, 2.5426], [-55.19483, 2.53844], [-55.19489, 2.53444], [-55.20118, 2.53037], [-55.20221, 2.52779], [-55.20485, 2.52752], [-55.20947, 2.52179], [-55.20363, 2.51589], [-55.20366, 2.50987], [-55.20068, 2.50639], [-55.20123, 2.50354], [-55.20496, 2.50207], [-55.21008, 2.50401], [-55.21081, 2.49863], [-55.2161, 2.49758], [-55.2216, 2.49968], [-55.21914, 2.50467], [-55.2241, 2.50939], [-55.22575, 2.51389], [-55.22965, 2.51382], [-55.23196, 2.51145], [-55.23502, 2.51212], [-55.2374, 2.51019], [-55.23555, 2.50305], [-55.23763, 2.49702], [-55.2464, 2.49301], [-55.25378, 2.48307], [-55.25902, 2.48465], [-55.26225, 2.48191], [-55.26469, 2.48387], [-55.26924, 2.48315], [-55.26946, 2.48701], [-55.2669, 2.49367], [-55.27297, 2.49628], [-55.27331, 2.49839], [-55.27062, 2.50156], [-55.27183, 2.50658], [-55.28007, 2.51053], [-55.28105, 2.5131], [-55.2793, 2.51767], [-55.28108, 2.51944], [-55.28519, 2.52113], [-55.28802, 2.51562], [-55.29369, 2.51116], [-55.29991, 2.51391], [-55.30033, 2.51663], [-55.29812, 2.51885], [-55.30103, 2.52034], [-55.30167, 2.52377], [-55.30991, 2.52491], [-55.31619, 2.52867], [-55.32051, 2.5285], [-55.32057, 2.52318], [-55.3237, 2.51951], [-55.32399, 2.51522], [-55.3361, 2.51254], [-55.33914, 2.51353], [-55.34501, 2.50645], [-55.35503, 2.50251], [-55.34927, 2.49171], [-55.35168, 2.48609], [-55.34965, 2.47923], [-55.35308, 2.47414], [-55.35832, 2.47333], [-55.36734, 2.48322], [-55.36896, 2.48251], [-55.36922, 2.47288], [-55.37311, 2.46946], [-55.37226, 2.46529], [-55.36796, 2.46086], [-55.36373, 2.46265], [-55.35171, 2.45755], [-55.35005, 2.44617], [-55.35333, 2.44179], [-55.35347, 2.43783], [-55.35743, 2.43655], [-55.35736, 2.43319], [-55.36155, 2.43206], [-55.3633, 2.4286], [-55.36916, 2.42945], [-55.37392, 2.42652], [-55.37736, 2.41841], [-55.37312, 2.41573], [-55.37274, 2.4128], [-55.37585, 2.40874], [-55.38097, 2.40739], [-55.38317, 2.40852], [-55.38551, 2.41335], [-55.39107, 2.41125], [-55.40284, 2.41532], [-55.40717, 2.42846], [-55.40661, 2.43091], [-55.40341, 2.43318], [-55.40615, 2.43753], [-55.40622, 2.44117], [-55.40999, 2.44062], [-55.41395, 2.4366], [-55.41926, 2.43734], [-55.42802, 2.4343], [-55.42877, 2.42979], [-55.43282, 2.43056], [-55.43316, 2.43557], [-55.43797, 2.43933], [-55.44258, 2.43597], [-55.45341, 2.43433], [-55.46507, 2.4368], [-55.47157, 2.43236], [-55.47711, 2.43126], [-55.48105, 2.4317], [-55.48504, 2.43722], [-55.49324, 2.43846], [-55.4958, 2.44158], [-55.50521, 2.43623], [-55.51601, 2.43304], [-55.52434, 2.43332], [-55.52793, 2.42942], [-55.53411, 2.42702], [-55.54055, 2.42869], [-55.55608, 2.4225], [-55.5635, 2.42345], [-55.56821, 2.4211], [-55.57154, 2.42133], [-55.57311, 2.4301], [-55.57594, 2.43399], [-55.58129, 2.43128], [-55.58691, 2.43222], [-55.58896, 2.43108], [-55.59024, 2.42744], [-55.59523, 2.42974], [-55.61113, 2.42373], [-55.6184, 2.41661], [-55.6391, 2.41206], [-55.64766, 2.41398], [-55.65228, 2.41684], [-55.66121, 2.41396], [-55.66344, 2.40958], [-55.66988, 2.40903], [-55.6827, 2.41329], [-55.68514, 2.4126], [-55.6944, 2.41686], [-55.69633, 2.41577], [-55.70177, 2.39981], [-55.70396, 2.39799], [-55.70756, 2.39817], [-55.70982, 2.39538], [-55.71464, 2.39818], [-55.71905, 2.3983], [-55.72259, 2.40479], [-55.72944, 2.40116], [-55.73646, 2.40608], [-55.74335, 2.40485], [-55.74539, 2.40757], [-55.75043, 2.40845], [-55.75349, 2.41657], [-55.75247, 2.42758], [-55.75414, 2.42816], [-55.75719, 2.4259], [-55.76034, 2.43182], [-55.76693, 2.43219], [-55.76449, 2.43782], [-55.75581, 2.43898], [-55.75723, 2.44206], [-55.76186, 2.44302], [-55.76004, 2.44742], [-55.76424, 2.45589], [-55.77766, 2.46166], [-55.78191, 2.45527], [-55.78813, 2.45844], [-55.79135, 2.45792], [-55.794, 2.45538], [-55.80131, 2.45834], [-55.80936, 2.45604], [-55.82083, 2.45921], [-55.83368, 2.45775], [-55.84776, 2.46393], [-55.84991, 2.47136], [-55.85307, 2.47318], [-55.85287, 2.47619], [-55.86301, 2.48485], [-55.86446, 2.48135], [-55.86661, 2.4806], [-55.8688, 2.48118], [-55.8731, 2.48681], [-55.88153, 2.48793], [-55.88309, 2.49323], [-55.88731, 2.49586], [-55.89092, 2.50344], [-55.90086, 2.50441], [-55.90244, 2.50642], [-55.90275, 2.51284], [-55.90827, 2.51644], [-55.91585, 2.5166], [-55.92141, 2.51138], [-55.92516, 2.5109], [-55.92156, 2.51785], [-55.92218, 2.52624], [-55.92529, 2.52386], [-55.93543, 2.52841], [-55.93922, 2.52596], [-55.93922, 2.5228], [-55.94329, 2.52767], [-55.95707, 2.52715], [-55.96267, 2.52437], [-55.96726, 2.52597], [-55.97364, 2.52017], [-55.97672, 2.52349], [-55.97886, 2.52324], [-55.97895, 2.51912], [-55.98235, 2.51574], [-55.98345, 2.50925], [-55.99153, 2.50577], [-55.9954, 2.4989], [-55.98802, 2.49602], [-55.97807, 2.48592], [-55.97755, 2.48343], [-55.98032, 2.47687], [-55.98935, 2.47394], [-55.98977, 2.46623], [-55.99242, 2.46204], [-56.0079, 2.4529], [-56.01034, 2.44836], [-56.01402, 2.44557], [-56.01063, 2.43997], [-56.00464, 2.44047], [-56.00156, 2.43629], [-55.99499, 2.4327], [-55.99187, 2.4331], [-55.9865, 2.42895], [-55.98582, 2.42485], [-55.99224, 2.4192], [-55.98733, 2.41459], [-55.98764, 2.41231], [-56.00163, 2.4086], [-56.00438, 2.39723], [-56.00707, 2.39574], [-56.01232, 2.39638], [-56.01764, 2.38876], [-56.01996, 2.39052], [-56.02435, 2.37791], [-56.03581, 2.36909], [-56.03658, 2.36582], [-56.03449, 2.36114], [-56.02861, 2.35568], [-56.02397, 2.34808], [-56.02035, 2.34618], [-56.01969, 2.34348], [-56.02637, 2.33895], [-56.02822, 2.33156], [-56.03197, 2.33126], [-56.0362, 2.33351], [-56.04475, 2.33272], [-56.05369, 2.33726], [-56.05984, 2.33847], [-56.05831, 2.344], [-56.05911, 2.34965], [-56.06371, 2.3499], [-56.06643, 2.3522], [-56.07088, 2.36232], [-56.0804, 2.36071], [-56.083, 2.36735], [-56.09068, 2.3648], [-56.08746, 2.35737], [-56.0924, 2.35071], [-56.08898, 2.34506], [-56.09176, 2.33451], [-56.09236, 2.32141], [-56.09394, 2.31931], [-56.10274, 2.31721], [-56.10778, 2.31876], [-56.10733, 2.31267], [-56.11293, 2.30766], [-56.11428, 2.30123], [-56.11817, 2.29883], [-56.11853, 2.29393], [-56.12543, 2.28477], [-56.12901, 2.28268], [-56.12663, 2.27573], [-56.1376, 2.2672], [-56.13918, 2.26285], [-56.1376, 2.26147], [-56.1318, 2.26206], [-56.12996, 2.25746], [-56.12052, 2.2552], [-56.12031, 2.24742], [-56.11239, 2.24516], [-56.10962, 2.24133], [-56.10373, 2.24359], [-56.09955, 2.23843], [-56.0963, 2.23816], [-56.0949, 2.24436], [-56.08668, 2.24926], [-56.08299, 2.24137], [-56.07547, 2.23522], [-56.06435, 2.24182], [-56.0607, 2.23902], [-56.05766, 2.2305], [-56.04797, 2.23359], [-56.04097, 2.2279], [-56.03405, 2.21555], [-56.03476, 2.21074], [-56.04091, 2.20537], [-56.04415, 2.19348], [-56.05224, 2.18986], [-56.05463, 2.18357], [-56.0472, 2.18237], [-56.04565, 2.17799], [-56.04039, 2.17551], [-56.03579, 2.16827], [-56.03223, 2.169], [-56.0262, 2.16733], [-56.01855, 2.1705], [-56.01815, 2.16596], [-56.01549, 2.16271], [-56.01623, 2.15857], [-56.00995, 2.16489], [-55.99963, 2.16747], [-55.99161, 2.15737], [-55.99218, 2.14879], [-55.98562, 2.14722], [-55.98364, 2.14494], [-55.98418, 2.13908], [-55.99084, 2.13443], [-55.99075, 2.13181], [-55.9826, 2.13088], [-55.97383, 2.12429], [-55.97816, 2.11392], [-55.97205, 2.11274], [-55.97554, 2.10465], [-55.9664, 2.08817], [-55.95338, 2.0855], [-55.9518, 2.09014], [-55.94957, 2.09136], [-55.94656, 2.09065], [-55.93993, 2.07862], [-55.93277, 2.07894], [-55.9309, 2.07015], [-55.9364, 2.05968], [-55.93027, 2.05906], [-55.92552, 2.05144], [-55.91129, 2.04598], [-55.9073, 2.03987], [-55.90384, 2.03896], [-55.90689, 2.0283], [-55.91163, 2.0235], [-55.91213, 2.01862], [-55.90871, 2.01256], [-55.91643, 1.9926], [-55.91881, 1.99069], [-55.92134, 1.99117], [-55.93153, 2.00213], [-55.93515, 2.00008], [-55.93721, 1.99106], [-55.93499, 1.97823], [-55.92645, 1.96982], [-55.92347, 1.96186], [-55.92374, 1.95653], [-55.92945, 1.95033], [-55.92974, 1.94639], [-55.92769, 1.94352], [-55.92291, 1.94288], [-55.92164, 1.93493], [-55.91723, 1.93279], [-55.91974, 1.92613], [-55.91564, 1.91944], [-55.90437, 1.91593], [-55.90006, 1.90421], [-55.90113, 1.89858], [-55.90713, 1.89027], [-55.91333, 1.89187], [-55.92152, 1.88682], [-55.92618, 1.88058], [-55.92841, 1.87382], [-55.93642, 1.87538], [-55.941, 1.86673], [-55.95543, 1.85318], [-55.96011, 1.85052], [-55.96892, 1.84972], [-55.97423, 1.84647], [-55.98409, 1.84866], [-55.98552, 1.84295], [-55.99187, 1.84301], [-56.00153, 1.83333], [-56.0056, 1.83864], [-56.01888, 1.84311], [-56.03524, 1.85177], [-56.04003, 1.85635], [-56.04743, 1.85867], [-56.05318, 1.85695], [-56.06952, 1.85751], [-56.0755, 1.84873], [-56.0776, 1.84798], [-56.08159, 1.85055], [-56.09241, 1.86377], [-56.09399, 1.86229], [-56.09495, 1.85146], [-56.11198, 1.8583], [-56.11592, 1.8583], [-56.11974, 1.85534], [-56.11997, 1.86141], [-56.12469, 1.85792], [-56.12751, 1.85852], [-56.12699, 1.86599], [-56.1319, 1.86932], [-56.13277, 1.87373], [-56.14421, 1.87452], [-56.14708, 1.88132], [-56.15685, 1.89243], [-56.16917, 1.88877], [-56.17015, 1.8977], [-56.17209, 1.90009], [-56.18279, 1.89361], [-56.19229, 1.8939], [-56.19762, 1.89061], [-56.20412, 1.89498], [-56.22197, 1.89724], [-56.23319, 1.89256], [-56.2396, 1.88798], [-56.24358, 1.88345], [-56.24465, 1.8774], [-56.24857, 1.8765], [-56.25926, 1.88223], [-56.26714, 1.88334], [-56.2714, 1.89198], [-56.27648, 1.89501], [-56.28504, 1.89685], [-56.28763, 1.90125], [-56.29427, 1.90229], [-56.294, 1.90915], [-56.30361, 1.90748], [-56.3062, 1.90877], [-56.30903, 1.91564], [-56.31297, 1.91586], [-56.31259, 1.92173], [-56.3272, 1.92551], [-56.33768, 1.93823], [-56.34254, 1.93676], [-56.35634, 1.93918], [-56.36223, 1.94423], [-56.36431, 1.94087], [-56.37093, 1.93639], [-56.37307, 1.92921], [-56.37596, 1.92837], [-56.38371, 1.93201], [-56.38746, 1.93149], [-56.38989, 1.92906], [-56.39056, 1.92023], [-56.3946, 1.91966], [-56.39966, 1.92211], [-56.40316, 1.91761], [-56.40608, 1.9174], [-56.40739, 1.9184], [-56.40746, 1.92262], [-56.40474, 1.92691], [-56.4077, 1.92996], [-56.40212, 1.93708], [-56.40312, 1.94303], [-56.40515, 1.94362], [-56.40927, 1.9394], [-56.41969, 1.93522], [-56.42574, 1.9384], [-56.42313, 1.94203], [-56.42371, 1.94325], [-56.44561, 1.94619], [-56.44984, 1.95398], [-56.45836, 1.95613], [-56.46648, 1.94945], [-56.47243, 1.94676], [-56.47683, 1.94949], [-56.47886, 1.95302], [-56.48611, 1.9534], [-56.48525, 1.94617], [-56.49657, 1.93421], [-56.50118, 1.9348], [-56.5021, 1.94286], [-56.50832, 1.94227], [-56.51434, 1.93248], [-56.51218, 1.92335], [-56.51321, 1.92165], [-56.52923, 1.92128], [-56.53511, 1.91706], [-56.54344, 1.91395], [-56.55382, 1.9152], [-56.56389, 1.90752], [-56.56723, 1.90717], [-56.57049, 1.90925], [-56.57462, 1.90631], [-56.58879, 1.90241], [-56.5925, 1.90784], [-56.59645, 1.93472], [-56.60391, 1.93639], [-56.60721, 1.93213], [-56.62285, 1.94407], [-56.62663, 1.94386], [-56.63162, 1.93874], [-56.63547, 1.93715], [-56.64352, 1.92733], [-56.65208, 1.93304], [-56.65527, 1.93249], [-56.65751, 1.9282], [-56.65844, 1.91547], [-56.66683, 1.91256], [-56.67353, 1.91253], [-56.67683, 1.91872], [-56.68065, 1.91987], [-56.68292, 1.91911], [-56.68075, 1.91257], [-56.68158, 1.91091], [-56.69323, 1.91205], [-56.70121, 1.91503], [-56.70533, 1.92226], [-56.71087, 1.92153], [-56.71699, 1.92323], [-56.727, 1.91835], [-56.73012, 1.91441], [-56.7303, 1.90375], [-56.72796, 1.89739], [-56.73305, 1.89808], [-56.73446, 1.89403], [-56.74041, 1.89213], [-56.74446, 1.89888], [-56.7488, 1.89715], [-56.75289, 1.90047], [-56.75595, 1.89853], [-56.75822, 1.89521], [-56.75866, 1.8903], [-56.76427, 1.88788], [-56.76771, 1.88432], [-56.76609, 1.87584], [-56.77197, 1.87342], [-56.77355, 1.8656], [-56.78163, 1.86221], [-56.78253, 1.85367], [-56.78624, 1.85281], [-56.80109, 1.8626], [-56.8046, 1.86644], [-56.8057, 1.87045], [-56.81598, 1.87782], [-56.82261, 1.87709], [-56.82763, 1.87858], [-56.82946, 1.88796], [-56.83551, 1.88692], [-56.84568, 1.88965], [-56.85928, 1.88651], [-56.86016, 1.88812], [-56.85849, 1.89379], [-56.86213, 1.89759], [-56.86604, 1.89215], [-56.87439, 1.89639], [-56.88907, 1.89386], [-56.89311, 1.89851], [-56.89889, 1.90121], [-56.90361, 1.91424], [-56.91025, 1.91792], [-56.91802, 1.92751], [-56.93005, 1.92591], [-56.93662, 1.92232], [-56.94704, 1.92076], [-56.95471, 1.92204], [-56.95783, 1.92412], [-56.96385, 1.9146], [-56.96928, 1.91277], [-56.97406, 1.9016], [-56.97857, 1.8981], [-56.98046, 1.89886], [-56.98159, 1.90495], [-56.98778, 1.90308], [-56.99119, 1.90602], [-57.00525, 1.90675], [-57.00961, 1.91744], [-57.01769, 1.91938], [-57.01914, 1.92187], [-57.02705, 1.92585], [-57.03286, 1.92655], [-57.06748, 1.95741], [-57.07272, 1.96502], [-57.07449, 1.98999], [-57.08518, 2.01924], [-57.0943, 2.02762], [-57.09837, 2.02801], [-57.10457, 2.02449], [-57.12666, 2.00516], [-57.15554, 1.99109], [-57.18055, 1.98619], [-57.19295, 1.97818], [-57.20748, 1.96373], [-57.22704, 1.9483], [-57.23286, 1.94732], [-57.24236, 1.95082], [-57.26159, 1.98123], [-57.2643, 1.98299], [-57.28117, 1.98336], [-57.30133, 1.97437], [-57.30772, 1.97397], [-57.3308, 1.97883], [-57.34049, 1.97765], [-57.34921, 1.97296], [-57.35715, 1.96592], [-57.36935, 1.94446], [-57.37786, 1.93177], [-57.38561, 1.92337], [-57.40615, 1.9134], [-57.41642, 1.9054], [-57.42494, 1.89407], [-57.42938, 1.8812], [-57.42878, 1.85837], [-57.43129, 1.85447], [-57.43225, 1.84511], [-57.43825, 1.82891], [-57.45955, 1.80256], [-57.47272, 1.79669], [-57.48918, 1.78341], [-57.50815, 1.75043], [-57.51279, 1.73872], [-57.53467, 1.71374], [-57.55229, 1.6989], [-57.5614, 1.69635], [-57.58621, 1.69555], [-57.61683, 1.69181], [-57.63717, 1.6875], [-57.64648, 1.68846], [-57.69224, 1.70851], [-57.71744, 1.7155], [-57.76997, 1.71934], [-57.77752, 1.7168], [-57.78217, 1.71231], [-57.79842, 1.68791], [-57.8114, 1.68731], [-57.82866, 1.69432], [-57.84086, 1.68806], [-57.84899, 1.68006], [-57.85519, 1.67674], [-57.86546, 1.67653], [-57.88096, 1.67086], [-57.92881, 1.6591], [-57.93559, 1.65909], [-57.95943, 1.66414], [-57.9728, 1.66412], [-57.97958, 1.66177], [-57.98674, 1.65377], [-57.98828, 1.64831], [-57.98865, 1.62803], [-57.98514, 1.61302], [-57.98784, 1.60327], [-57.9855, 1.58396], [-57.98837, 1.55237], [-57.99068, 1.54496], [-58.00732, 1.51608], [-58.01215, 1.5112], [-58.01583, 1.51023], [-58.02552, 1.51099], [-58.05033, 1.51701], [-58.05692, 1.517], [-58.08267, 1.50372], [-58.08713, 1.50371], [-58.11775, 1.51265], [-58.13499, 1.51009], [-58.14138, 1.51106], [-58.14565, 1.51418], [-58.161, 1.5551], [-58.1641, 1.55841], [-58.1736, 1.56152], [-58.19064, 1.55662], [-58.20963, 1.5566], [-58.23442, 1.5515], [-58.24333, 1.55227], [-58.24779, 1.55656], [-58.25535, 1.5583], [-58.27491, 1.55496], [-58.28343, 1.55554], [-58.29196, 1.55787], [-58.29777, 1.56137], [-58.31252, 1.57831], [-58.32435, 1.58863], [-58.33094, 1.59174], [-58.33558, 1.59134], [-58.34449, 1.58821], [-58.37814, 1.54255], [-58.3849, 1.53007], [-58.39011, 1.51369], [-58.3901, 1.50686], [-58.37788, 1.48836], [-58.37651, 1.47881], [-58.38154, 1.47101], [-58.38638, 1.46964], [-58.40575, 1.47098], [-58.41659, 1.46648], [-58.42375, 1.4616], [-58.42956, 1.46023], [-58.42649, 1.48927], [-58.42903, 1.50136], [-58.42653, 1.51637], [-58.42964, 1.52689], [-58.43062, 1.53761], [-58.42832, 1.55438], [-58.42465, 1.56432], [-58.4142, 1.57038], [-58.41033, 1.57506], [-58.40723, 1.57526], [-58.4055, 1.58111], [-58.39814, 1.5858], [-58.39563, 1.59048], [-58.38789, 1.59303], [-58.3848, 1.59849], [-58.37705, 1.60298], [-58.3728, 1.60747], [-58.36951, 1.60787], [-58.36796, 1.61118], [-58.36952, 1.61742], [-58.36662, 1.62034], [-58.36254, 1.61684], [-58.35983, 1.61723], [-58.35849, 1.62562], [-58.34822, 1.62739], [-58.34687, 1.63187], [-58.34087, 1.63539], [-58.34339, 1.63792], [-58.34223, 1.64026], [-58.33449, 1.64261], [-58.33411, 1.64612], [-58.33198, 1.64788], [-58.32907, 1.64398], [-58.32519, 1.64399], [-58.32617, 1.64827], [-58.32423, 1.65198], [-58.32055, 1.65004], [-58.31513, 1.65082], [-58.31514, 1.65628], [-58.31069, 1.65999], [-58.30293, 1.65766], [-58.29538, 1.66001], [-58.28764, 1.66568], [-58.28067, 1.66802], [-58.26828, 1.67759], [-58.25996, 1.68111], [-58.25938, 1.68345], [-58.24061, 1.70356], [-58.23616, 1.70551], [-58.22901, 1.71644], [-58.23037, 1.72541], [-58.22438, 1.73789], [-58.22906, 1.75524], [-58.22906, 1.75972], [-58.22675, 1.76518], [-58.22773, 1.77785], [-58.21593, 1.78703], [-58.20856, 1.78665], [-58.19673, 1.77712], [-58.19092, 1.77752], [-58.18569, 1.78123], [-58.16903, 1.78398], [-58.16381, 1.7873], [-58.15956, 1.79666], [-58.14719, 1.80085], [-58.14117, 1.79575], [-58.13294, 1.80086], [-58.12503, 1.79927], [-58.11585, 1.80119], [-58.11268, 1.79896], [-58.10508, 1.79992], [-58.08957, 1.80694], [-58.08514, 1.80375], [-58.08038, 1.79133], [-58.07627, 1.79101], [-58.0636, 1.7958], [-58.05885, 1.79357], [-58.05537, 1.7872], [-58.05093, 1.7837], [-58.04618, 1.78275], [-58.04112, 1.77829], [-58.03605, 1.77638], [-58.02371, 1.7869], [-58.01168, 1.78787], [-58.0063, 1.79137], [-57.99617, 1.79425], [-57.97875, 1.78916], [-57.97178, 1.78884], [-57.96165, 1.79235], [-57.95374, 1.79809], [-57.94488, 1.80033], [-57.93506, 1.79842], [-57.92905, 1.80352], [-57.92779, 1.81181], [-57.91609, 1.84494], [-57.90913, 1.85483], [-57.90502, 1.87362], [-57.90502, 1.88254], [-57.90281, 1.88605], [-57.90412, 1.89063], [-57.90911, 1.89278], [-57.90792, 1.8978], [-57.9103, 1.90305], [-57.91909, 1.90472], [-57.9236, 1.90997], [-57.92218, 1.91475], [-57.91696, 1.9181], [-57.91435, 1.92336], [-57.91292, 1.91476], [-57.90864, 1.91643], [-57.90556, 1.92886], [-57.90707, 1.93372], [-57.90684, 1.94638], [-57.91278, 1.94949], [-57.91658, 1.94948], [-57.92085, 1.94661], [-57.92608, 1.94852], [-57.92917, 1.95282], [-57.92774, 1.95593], [-57.92323, 1.95856], [-57.92252, 1.96597], [-57.91397, 1.96717], [-57.90567, 1.97506], [-57.91564, 1.98007], [-57.91731, 1.98246], [-57.91731, 1.99007], [-57.92552, 1.99456], [-57.93175, 1.99508], [-57.93346, 2.0013], [-57.93656, 1.99804], [-57.94079, 1.9978], [-57.94155, 1.99507], [-57.94359, 1.99502], [-57.9426, 2.00565], [-57.94465, 2.01221], [-57.94113, 2.01776], [-57.93599, 2.01274], [-57.93251, 2.01561], [-57.92898, 2.01525], [-57.93062, 2.0201], [-57.92327, 2.0243], [-57.92203, 2.02394], [-57.92067, 2.01737], [-57.90914, 2.01932], [-57.90825, 2.02083], [-57.9136, 2.02402], [-57.91578, 2.02818], [-57.9145, 2.03529], [-57.91175, 2.03457], [-57.90737, 2.04079], [-57.89663, 2.04148], [-57.89328, 2.0469], [-57.8966, 2.04894], [-57.90288, 2.047], [-57.90677, 2.04912], [-57.91066, 2.05533], [-57.9087, 2.05849], [-57.90999, 2.06358], [-57.91302, 2.06667], [-57.91802, 2.06778], [-57.91948, 2.07058], [-57.91974, 2.07726], [-57.91556, 2.07758], [-57.91438, 2.07909], [-57.91735, 2.08203], [-57.91642, 2.08677], [-57.91, 2.09191], [-57.9094, 2.09938], [-57.91083, 2.10193], [-57.90698, 2.10372], [-57.90551, 2.09769], [-57.89934, 2.10057], [-57.90323, 2.10703], [-57.91387, 2.11237], [-57.9168, 2.1193], [-57.91427, 2.12156], [-57.91198, 2.11611], [-57.90766, 2.11586], [-57.89985, 2.12215], [-57.898, 2.12667], [-57.90324, 2.12882], [-57.90899, 2.13524], [-57.91353, 2.13571], [-57.91489, 2.14134], [-57.91235, 2.14519], [-57.91539, 2.15161], [-57.92281, 2.14863], [-57.9277, 2.14974], [-57.9292, 2.15254], [-57.92647, 2.15777], [-57.92766, 2.16574], [-57.92134, 2.17228], [-57.92151, 2.17766], [-57.91902, 2.17906], [-57.91548, 2.1769], [-57.90958, 2.17657], [-57.90629, 2.18026], [-57.90731, 2.18212], [-57.90869, 2.17814], [-57.91329, 2.17928], [-57.91376, 2.18386], [-57.91671, 2.18742], [-57.91574, 2.18929], [-57.91051, 2.18827], [-57.9074, 2.19345], [-57.91435, 2.19476], [-57.91587, 2.1984], [-57.91963, 2.1984], [-57.92338, 2.20056], [-57.92507, 2.20366], [-57.92958, 2.20438], [-57.93274, 2.20751], [-57.93915, 2.20827], [-57.94105, 2.21196], [-57.92883, 2.22083], [-57.92753, 2.23088], [-57.92083, 2.24047], [-57.92113, 2.24709], [-57.92796, 2.2529], [-57.92523, 2.25744], [-57.92375, 2.25803], [-57.91878, 2.2554], [-57.91207, 2.25935], [-57.90642, 2.25791], [-57.88796, 2.26085], [-57.88859, 2.26611], [-57.89623, 2.27514], [-57.90673, 2.27679], [-57.90926, 2.2826], [-57.90033, 2.28625], [-57.89477, 2.29334], [-57.8962, 2.30008], [-57.89465, 2.30343], [-57.89777, 2.30309], [-57.89967, 2.30538], [-57.89587, 2.31077], [-57.89229, 2.31522], [-57.88344, 2.3179], [-57.87615, 2.3252], [-57.87186, 2.34068], [-57.86575, 2.34289], [-57.86697, 2.34722], [-57.86541, 2.3493], [-57.85695, 2.3511], [-57.85249, 2.3488], [-57.84857, 2.36205], [-57.85172, 2.3757], [-57.85083, 2.38026], [-57.85857, 2.38129], [-57.85811, 2.37734], [-57.85961, 2.37501], [-57.86671, 2.37346], [-57.86385, 2.36879], [-57.85829, 2.36612], [-57.85896, 2.36295], [-57.86285, 2.36133], [-57.87027, 2.36211], [-57.87313, 2.37245], [-57.87495, 2.37317], [-57.87891, 2.36534], [-57.88641, 2.3658], [-57.89429, 2.35994], [-57.89361, 2.35775], [-57.88772, 2.35345], [-57.8885, 2.35158], [-57.89389, 2.34986], [-57.8936, 2.34867], [-57.89186, 2.34932], [-57.89228, 2.34713], [-57.89953, 2.34781], [-57.90317, 2.3506], [-57.91378, 2.3655], [-57.9171, 2.36567], [-57.91992, 2.3684], [-57.92399, 2.3652], [-57.92602, 2.36807], [-57.92556, 2.37342], [-57.91943, 2.37558], [-57.92014, 2.38201], [-57.91637, 2.38808], [-57.91555, 2.39418], [-57.90805, 2.40033], [-57.89881, 2.39799], [-57.89453, 2.39411], [-57.88915, 2.39508], [-57.88825, 2.3991], [-57.89091, 2.39957], [-57.89187, 2.40206], [-57.88326, 2.41135], [-57.88172, 2.42384], [-57.87933, 2.42593], [-57.87233, 2.4231], [-57.86783, 2.41904], [-57.85488, 2.41815], [-57.85388, 2.43], [-57.85678, 2.43258], [-57.85707, 2.43826], [-57.85907, 2.44245], [-57.85714, 2.44982], [-57.84676, 2.45068], [-57.84101, 2.4457], [-57.83194, 2.44445], [-57.82698, 2.44147], [-57.81142, 2.44475], [-57.80367, 2.44191], [-57.80263, 2.4385], [-57.78853, 2.43], [-57.7795, 2.43367], [-57.77932, 2.43547], [-57.78418, 2.43862], [-57.79554, 2.46422], [-57.78712, 2.47144], [-57.78727, 2.47966], [-57.7846, 2.48702], [-57.78556, 2.49108], [-57.7841, 2.4961], [-57.7785, 2.50092], [-57.76776, 2.50355], [-57.76537, 2.50843], [-57.76755, 2.51173], [-57.77169, 2.51133], [-57.77737, 2.51359], [-57.78794, 2.52138], [-57.78809, 2.52834], [-57.7971, 2.55358], [-57.79432, 2.55925], [-57.79511, 2.56722], [-57.79154, 2.57149], [-57.78929, 2.57792], [-57.78426, 2.58277], [-57.77573, 2.58342], [-57.76823, 2.58181], [-57.75617, 2.58509], [-57.735, 2.57982], [-57.72818, 2.58374], [-57.72143, 2.58457], [-57.71708, 2.59254], [-57.71263, 2.61498], [-57.70364, 2.62195], [-57.70046, 2.62203], [-57.6925, 2.61726], [-57.68429, 2.61683], [-57.67011, 2.6131], [-57.66387, 2.62065], [-57.65803, 2.63133], [-57.65263, 2.63315], [-57.64917, 2.63132], [-57.64845, 2.62694], [-57.64559, 2.62468], [-57.6357, 2.62167], [-57.63467, 2.62799], [-57.62882, 2.63122], [-57.62525, 2.63715], [-57.62918, 2.64544], [-57.63443, 2.64493], [-57.63754, 2.64888], [-57.63983, 2.6585], [-57.6363, 2.66568], [-57.64176, 2.67714], [-57.64544, 2.67979], [-57.64662, 2.68388], [-57.64377, 2.68668], [-57.6317, 2.6882], [-57.62684, 2.6826], [-57.61902, 2.6779], [-57.60999, 2.67546], [-57.59481, 2.66172], [-57.5917, 2.66165], [-57.57903, 2.66909], [-57.57589, 2.68316], [-57.57325, 2.68446], [-57.56922, 2.68374], [-57.56444, 2.68988], [-57.56356, 2.6936], [-57.55969, 2.69538], [-57.55561, 2.70639], [-57.55281, 2.70902], [-57.54524, 2.70941], [-57.54019, 2.71362], [-57.53272, 2.71453], [-57.52763, 2.71727], [-57.51206, 2.71205], [-57.49382, 2.71364], [-57.48854, 2.71158], [-57.47911, 2.71427], [-57.46669, 2.72394], [-57.46441, 2.7294], [-57.45799, 2.73611], [-57.45328, 2.74506], [-57.42848, 2.75886], [-57.4232, 2.76776], [-57.4232, 2.77073], [-57.42786, 2.77873], [-57.42544, 2.78462], [-57.42625, 2.79721], [-57.42859, 2.80573], [-57.44016, 2.82334], [-57.44126, 2.82899], [-57.44755, 2.83497], [-57.44679, 2.83918], [-57.43361, 2.86221], [-57.43433, 2.86805], [-57.44619, 2.88045], [-57.47266, 2.87948], [-57.48389, 2.87617], [-57.49375, 2.88076], [-57.49637, 2.88632], [-57.49542, 2.89043], [-57.48081, 2.9115], [-57.48125, 2.92046], [-57.47873, 2.92773], [-57.47387, 2.93061], [-57.47063, 2.93669], [-57.4743, 2.93832], [-57.47554, 2.94358], [-57.47069, 2.95416], [-57.47669, 2.96273], [-57.48903, 2.97134], [-57.49284, 2.9802], [-57.49123, 2.98757], [-57.49351, 2.99188], [-57.49247, 2.99441], [-57.49356, 2.99638], [-57.4999, 2.99771], [-57.50457, 3.00236], [-57.50876, 3.00403], [-57.51552, 3.01125], [-57.528, 3.01513], [-57.54034, 3.02915], [-57.54996, 3.03355], [-57.55215, 3.03637], [-57.56149, 3.04158], [-57.56521, 3.04474], [-57.56854, 3.05273], [-57.57297, 3.05584], [-57.57307, 3.05948], [-57.57874, 3.06383], [-57.5796, 3.06738], [-57.58665, 3.07015], [-57.59427, 3.07886], [-57.59437, 3.08398], [-57.59881, 3.09853], [-57.59562, 3.0992], [-57.59681, 3.10442], [-57.60358, 3.11815], [-57.61187, 3.12739], [-57.61121, 3.13117], [-57.61774, 3.14519], [-57.61769, 3.14869], [-57.62108, 3.15089], [-57.62685, 3.16568], [-57.62766, 3.1719], [-57.62533, 3.17578], [-57.62819, 3.18569], [-57.62691, 3.18779], [-57.6333, 3.19741], [-57.6364, 3.20976], [-57.63517, 3.2146], [-57.6365, 3.22216], [-57.63484, 3.22604], [-57.63608, 3.23432], [-57.63475, 3.23724], [-57.6288, 3.23825], [-57.62452, 3.24725], [-57.61885, 3.24898], [-57.61685, 3.25266], [-57.61218, 3.25324], [-57.60705, 3.26124], [-57.60185, 3.26191], [-57.60591, 3.2699], [-57.6142, 3.27703], [-57.61406, 3.2844], [-57.62026, 3.28919], [-57.61202, 3.29226], [-57.61473, 3.29321], [-57.61569, 3.29604], [-57.60978, 3.30111], [-57.61017, 3.30427], [-57.60826, 3.30786], [-57.61479, 3.31346], [-57.61608, 3.31648], [-57.61365, 3.31777], [-57.61094, 3.32266], [-57.6127, 3.32438], [-57.62175, 3.3238], [-57.62463, 3.32796], [-57.64631, 3.33838], [-57.65039, 3.34706], [-57.64786, 3.35076], [-57.65033, 3.35306], [-57.64972, 3.36157], [-57.6523, 3.3677], [-57.6498, 3.37051], [-57.66092, 3.37592], [-57.66703, 3.38292], [-57.67378, 3.38539], [-57.67732, 3.39286], [-57.69817, 3.41618], [-57.69667, 3.41769], [-57.69703, 3.42006], [-57.68992, 3.42372], [-57.69146, 3.42609], [-57.69014, 3.42796], [-57.69207, 3.42997], [-57.6925, 3.43747], [-57.68943, 3.44142], [-57.69294, 3.44401], [-57.69262, 3.4504], [-57.69012, 3.45481], [-57.69212, 3.456], [-57.69027, 3.45629], [-57.68816, 3.45952], [-57.68577, 3.46763], [-57.68024, 3.47525], [-57.67484, 3.47822], [-57.6751, 3.48489], [-57.66814, 3.487], [-57.67303, 3.48954], [-57.67165, 3.49723], [-57.67322, 3.49996], [-57.67058, 3.51091], [-57.66308, 3.51558], [-57.66255, 3.52373], [-57.66699, 3.53414], [-57.67228, 3.53773], [-57.6745, 3.54254], [-57.6784, 3.54573], [-57.68501, 3.54483], [-57.69162, 3.54942], [-57.6913, 3.55373], [-57.70088, 3.55548], [-57.70224, 3.56057], [-57.71404, 3.56653], [-57.71562, 3.57464], [-57.72352, 3.58267], [-57.72753, 3.59233], [-57.7255, 3.59588], [-57.72586, 3.60044], [-57.73158, 3.60256], [-57.74095, 3.61203], [-57.7412, 3.61422], [-57.73841, 3.61487], [-57.73766, 3.61756], [-57.74317, 3.62567], [-57.74789, 3.62656], [-57.7565, 3.62325], [-57.76379, 3.62314], [-57.78235, 3.6368], [-57.78942, 3.63766], [-57.79028, 3.64085], [-57.79947, 3.64479], [-57.80269, 3.64935], [-57.80623, 3.65071], [-57.81802, 3.64926], [-57.82188, 3.65253], [-57.82242, 3.65622], [-57.83004, 3.65963], [-57.83383, 3.66501], [-57.83885, 3.68012], [-57.83874, 3.71243], [-57.84354, 3.72542], [-57.84265, 3.73544], [-57.84738, 3.74707], [-57.84364, 3.76068], [-57.84407, 3.76405], [-57.85416, 3.77399], [-57.85774, 3.78059], [-57.85812, 3.79735], [-57.86495, 3.80248], [-57.87358, 3.81766], [-57.88388, 3.82433], [-57.8885, 3.83222], [-57.88918, 3.8389], [-57.89641, 3.84496], [-57.89984, 3.8546], [-57.90322, 3.85798], [-57.91544, 3.88089], [-57.9359, 3.9044], [-57.93644, 3.90871], [-57.94281, 3.91631], [-57.94471, 3.92094], [-57.95025, 3.92136], [-57.96318, 3.91675], [-57.96815, 3.91671], [-57.97416, 3.92187], [-57.97556, 3.92597], [-57.97967, 3.92596], [-57.9903, 3.93514], [-57.99703, 3.94827], [-58.00985, 3.95306], [-58.01106, 3.96139], [-58.02268, 3.96095], [-58.02596, 3.95897], [-58.03104, 3.9599], [-58.03119, 3.96463], [-58.03416, 3.96908], [-58.03335, 3.97511], [-58.03703, 3.97888], [-58.039, 3.97902], [-58.04029, 3.98279], [-58.04012, 3.98516], [-58.03687, 3.98746], [-58.04091, 3.99266], [-58.04067, 3.99686], [-58.03717, 4.00171], [-58.03797, 4.00907], [-58.03169, 4.01841], [-58.03466, 4.02738], [-58.03253, 4.03345], [-58.03225, 4.04236], [-58.02833, 4.05091], [-58.02774, 4.06537], [-58.02975, 4.07033], [-58.04925, 4.08477], [-58.04852, 4.10071], [-58.05071, 4.10473], [-58.05515, 4.10777], [-58.05644, 4.11143], [-58.05869, 4.11182], [-58.06134, 4.11537], [-58.06574, 4.11652], [-58.07152, 4.13536], [-58.06892, 4.13899], [-58.06824, 4.14383], [-58.06986, 4.1458], [-58.06707, 4.14764], [-58.06609, 4.15909], [-58.06315, 4.16096], [-58.06305, 4.16376], [-58.05919, 4.16818], [-58.05783, 4.17264], [-58.05988, 4.17597], [-58.05731, 4.17702], [-58.05507, 4.18194], [-58.04928, 4.18338], [-58.04346, 4.19201], [-58.04568, 4.19703], [-58.04454, 4.20044], [-58.03754, 4.20802], [-58.03225, 4.20972], [-58.02979, 4.21475], [-58.02362, 4.22046], [-58.02639, 4.23295], [-58.02246, 4.24179], [-58.01652, 4.24563], [-58.00927, 4.24646], [-58.00832, 4.2499], [-58.0047, 4.25142], [-58.0023, 4.25525], [-57.99957, 4.26396], [-57.98879, 4.27731], [-57.99147, 4.30703], [-57.98763, 4.30969], [-57.97522, 4.31157], [-57.96902, 4.31682], [-57.96428, 4.31652], [-57.95246, 4.32414], [-57.95004, 4.32922], [-57.94675, 4.33095], [-57.94676, 4.33545], [-57.95111, 4.3443], [-57.95344, 4.34606], [-57.95459, 4.35066], [-57.95265, 4.35597], [-57.9593, 4.36001], [-57.95948, 4.36575], [-57.96242, 4.37121], [-57.96066, 4.3793], [-57.96197, 4.39734], [-57.95636, 4.40479], [-57.95399, 4.41849], [-57.94463, 4.42678], [-57.9276, 4.44616], [-57.92119, 4.44873], [-57.91315, 4.46609], [-57.91152, 4.47689], [-57.90472, 4.49377], [-57.89285, 4.51358], [-57.88978, 4.52251], [-57.88796, 4.5509], [-57.87798, 4.56259], [-57.87675, 4.57259], [-57.87032, 4.57959], [-57.86573, 4.59092], [-57.85956, 4.5953], [-57.85031, 4.61091], [-57.84714, 4.61331], [-57.84853, 4.61763], [-57.84153, 4.6227], [-57.83964, 4.63135], [-57.83746, 4.63347], [-57.83543, 4.63998], [-57.83775, 4.64109], [-57.83758, 4.64356], [-57.8422, 4.64711], [-57.84385, 4.65135], [-57.84754, 4.6517], [-57.85001, 4.65475], [-57.84847, 4.65809], [-57.84995, 4.66487], [-57.84856, 4.66882], [-57.85032, 4.67338], [-57.84635, 4.67784], [-57.8431, 4.67903], [-57.83985, 4.68463], [-57.8483, 4.69338], [-57.84841, 4.69582], [-57.85253, 4.69804], [-57.85751, 4.70662], [-57.85698, 4.71204], [-57.8592, 4.71494], [-57.86511, 4.71734], [-57.87049, 4.72293], [-57.86764, 4.73245], [-57.86872, 4.74024], [-57.87234, 4.7467], [-57.87186, 4.76077], [-57.88862, 4.775], [-57.90942, 4.77695], [-57.91307, 4.77845], [-57.91923, 4.78465], [-57.92722, 4.8129], [-57.92591, 4.82378], [-57.92137, 4.83304], [-57.91723, 4.83678], [-57.90818, 4.83978], [-57.90311, 4.85102], [-57.88214, 4.88293], [-57.85123, 4.91625], [-57.83757, 4.92714], [-57.82683, 4.93236], [-57.8195, 4.93327], [-57.81305, 4.93055], [-57.81172, 4.92556], [-57.80506, 4.92115], [-57.79035, 4.92059], [-57.76171, 4.92361], [-57.75456, 4.92824], [-57.75188, 4.93356], [-57.75587, 4.95021], [-57.75363, 4.95973], [-57.75084, 4.96422], [-57.73911, 4.96808], [-57.73532, 4.97375], [-57.72781, 4.98051], [-57.71518, 4.98706], [-57.6988, 5.00104], [-57.68462, 5.00447], [-57.67457, 5.01184], [-57.67035, 5.01188], [-57.66368, 5.00729], [-57.63769, 5.00574], [-57.63081, 4.99971], [-57.61606, 4.99308], [-57.58295, 5.00274], [-57.55589, 5.00603], [-57.55038, 5.00783], [-57.54286, 5.01358], [-57.53359, 5.01509], [-57.5197, 5.01076], [-57.51655, 5.0076], [-57.51436, 5.00053], [-57.51163, 4.9982], [-57.48242, 4.99154], [-57.47604, 4.99101], [-57.45224, 4.9967], [-57.44157, 4.99746], [-57.41636, 4.99155], [-57.40924, 4.99403], [-57.3998, 5.00348], [-57.39729, 5.00424], [-57.39167, 5.01117], [-57.38115, 5.01753], [-57.36722, 5.0179], [-57.35945, 5.01446], [-57.34392, 5.0187], [-57.33898, 5.02366], [-57.33834, 5.03314], [-57.33229, 5.03698], [-57.32209, 5.03771], [-57.31471, 5.03444], [-57.30984, 5.0296], [-57.30518, 5.01793], [-57.30206, 5.01592], [-57.2953, 5.01503], [-57.29054, 5.01665], [-57.28746, 5.02067], [-57.28621, 5.0285], [-57.29069, 5.04059], [-57.29796, 5.04849], [-57.31662, 5.05523], [-57.32529, 5.06413], [-57.32654, 5.07131], [-57.32616, 5.08334], [-57.32266, 5.09763], [-57.30795, 5.12298], [-57.3004, 5.1399], [-57.3027, 5.15616], [-57.30188, 5.16833], [-57.29684, 5.17688], [-57.28331, 5.1883], [-57.27274, 5.1905], [-57.2572, 5.18892], [-57.25025, 5.18433], [-57.23646, 5.16714], [-57.23366, 5.15931], [-57.23057, 5.13709], [-57.22911, 5.1353], [-57.22431, 5.13426], [-57.21485, 5.13896], [-57.2159, 5.14751], [-57.21414, 5.15207], [-57.20605, 5.15545], [-57.19309, 5.15764], [-57.1879, 5.16094], [-57.18435, 5.16565], [-57.18253, 5.1734], [-57.18432, 5.1915], [-57.18766, 5.19728], [-57.20184, 5.21034], [-57.21198, 5.22452], [-57.2165, 5.23504], [-57.21769, 5.24858], [-57.21972, 5.25309], [-57.21166, 5.26131], [-57.21154, 5.26461], [-57.20277, 5.27052], [-57.19945, 5.2708], [-57.19852, 5.26781], [-57.19458, 5.27066], [-57.18763, 5.26947], [-57.17314, 5.2751], [-57.1715, 5.27416], [-57.17174, 5.27199], [-57.16725, 5.27105], [-57.14992, 5.27766], [-57.14955, 5.28298], [-57.14607, 5.28497], [-57.12899, 5.27858], [-57.12141, 5.26915], [-57.10834, 5.26169], [-57.09734, 5.25957], [-57.08675, 5.26026], [-57.08251, 5.26357], [-57.07855, 5.2632], [-57.07564, 5.26611], [-57.07425, 5.26362], [-57.06778, 5.26339], [-57.06568, 5.26714], [-56.7286, 5.34868], [-56.49388, 5.32605], [-56.4899, 5.33132], [-56.47765, 5.33248], [-56.4679, 5.33922], [-56.46198, 5.336], [-56.45732, 5.33665], [-56.45529, 5.3334], [-56.447, 5.33576], [-56.43867, 5.33599], [-56.4381, 5.33714], [-56.43295, 5.33708], [-56.42582, 5.33383], [-56.41381, 5.3389], [-56.4097, 5.33917], [-56.40794, 5.3361], [-56.40476, 5.33661], [-56.4045, 5.33337], [-56.40226, 5.33286], [-56.4006, 5.32864], [-56.39667, 5.32709], [-56.39755, 5.32478], [-56.39091, 5.32336], [-56.38058, 5.32995], [-56.37535, 5.34172], [-56.37015, 5.34213], [-56.36638, 5.35372], [-56.35847, 5.35951], [-56.35319, 5.35996], [-56.35132, 5.36278], [-56.34478, 5.35994], [-56.34345, 5.36505], [-56.34502, 5.36891], [-56.34464, 5.37495], [-56.33941, 5.37787], [-56.3367, 5.38239], [-56.33728, 5.38478], [-56.33259, 5.38581], [-56.33143, 5.38836], [-56.32636, 5.39193], [-56.32281, 5.39063], [-56.32023, 5.393], [-56.31931, 5.39708], [-56.31598, 5.39825], [-56.31511, 5.40152], [-56.318, 5.40291], [-56.3163, 5.40551], [-56.31658, 5.41035], [-56.31554, 5.40812], [-56.31727, 5.403], [-56.31478, 5.4017], [-56.31098, 5.39218], [-56.30678, 5.39012], [-56.29817, 5.39044], [-56.2946, 5.38569], [-56.28945, 5.38483], [-56.28753, 5.37952], [-56.28355, 5.37663], [-56.28201, 5.37058], [-56.27564, 5.37036], [-56.27265, 5.36709], [-56.27154, 5.37285], [-56.27001, 5.37325], [-56.26189, 5.36323], [-56.24891, 5.33582], [-56.24411, 5.33394], [-56.23966, 5.34163], [-56.21764, 5.33851], [-56.20213, 5.34629], [-56.19411, 5.33494], [-56.19545, 5.32965], [-56.19452, 5.32782], [-56.1923, 5.32721], [-56.18745, 5.32924], [-56.18204, 5.32693], [-56.17914, 5.33143], [-56.17479, 5.32736], [-56.17022, 5.32884], [-56.16666, 5.32818], [-56.15997, 5.32093], [-56.15317, 5.32107], [-56.14892, 5.33609], [-56.14294, 5.34666], [-56.13905, 5.34846], [-56.13342, 5.3457], [-56.13346, 5.3545], [-56.13088, 5.35852], [-56.13288, 5.36536], [-56.12296, 5.36692], [-56.11825, 5.3765], [-56.11136, 5.37802], [-56.10449, 5.37719], [-56.10338, 5.38273], [-56.10098, 5.38605], [-56.09214, 5.38291], [-56.08706, 5.38465], [-56.0818, 5.39636], [-56.07917, 5.39518], [-56.07673, 5.39122], [-56.0763, 5.38133], [-56.06973, 5.38005], [-56.05481, 5.38261], [-56.0536, 5.3862], [-56.05692, 5.39152], [-56.05834, 5.39766], [-56.05355, 5.39919], [-56.04818, 5.39651], [-56.04625, 5.39777], [-56.04724, 5.40312], [-56.05322, 5.40646], [-56.05239, 5.40958], [-56.04494, 5.41461], [-56.04984, 5.43502], [-56.04575, 5.44053], [-56.03903, 5.43908], [-56.03603, 5.4354], [-56.02988, 5.43925], [-56.02389, 5.43852], [-56.01646, 5.43501], [-56.01124, 5.43502], [-56.00989, 5.43966], [-56.0127, 5.45459], [-56.00971, 5.46109], [-56.00525, 5.46327], [-55.99327, 5.46525], [-55.98018, 5.48004], [-55.97561, 5.48324], [-55.96712, 5.48431], [-55.95796, 5.48019], [-55.95503, 5.48118], [-55.9525, 5.48968], [-55.95351, 5.49566], [-55.95822, 5.50164], [-55.96693, 5.5072], [-55.97225, 5.51595], [-55.97249, 5.51923], [-55.9683, 5.52483], [-55.96287, 5.5292], [-55.95454, 5.53257], [-55.92518, 5.53382], [-55.91871, 5.53534], [-55.91175, 5.53978], [-55.90926, 5.54515], [-55.9065, 5.54532], [-55.9066, 5.54399], [-55.91448, 5.53392]]]}}, {"type": "Feature", "properties": {"code": "NIC", "district": "Nickerie"}, "geometry": {"type": "Polygon", "coordinates": [[[-56.58704, 5.71993], [-56.58068, 5.71803], [-56.57601, 5.71109], [-56.56854, 5.7048], [-56.56552, 5.69899], [-56.56664, 5.69638], [-56.57212, 5.6939], [-56.57383, 5.68214], [-56.57211, 5.6784], [-56.56772, 5.67637], [-56.56592, 5.67103], [-56.56484, 5.66472], [-56.56754, 5.66081], [-56.56791, 5.65702], [-56.56581, 5.64824], [-56.56289, 5.64409], [-56.55599, 5.64424], [-56.55018, 5.63848], [-56.54807, 5.63453], [-56.54843, 5.62663], [-56.54494, 5.62154], [-56.53943, 5.61901], [-56.53398, 5.6124], [-56.53334, 5.60945], [-56.53518, 5.60276], [-56.52905, 5.59411], [-56.52573, 5.59173], [-56.51952, 5.59217], [-56.51428, 5.58897], [-56.51044, 5.58533], [-56.50781, 5.57786], [-56.49962, 5.57268], [-56.49348, 5.56105], [-56.49293, 5.5565], [-56.49485, 5.54945], [-56.49041, 5.54284], [-56.4902, 5.53982], [-56.49192, 5.53287], [-56.49636, 5.53171], [-56.51193, 5.53806], [-56.51629, 5.54177], [-56.51774, 5.54736], [-56.52686, 5.55162], [-56.53207, 5.54742], [-56.53297, 5.54043], [-56.54123, 5.53122], [-56.54571, 5.53182], [-56.55048, 5.5374], [-56.55935, 5.53787], [-56.56645, 5.54058], [-56.57104, 5.53859], [-56.57531, 5.53033], [-56.5839, 5.52564], [-56.58778, 5.52031], [-56.58708, 5.51664], [-56.58102, 5.51111], [-56.57838, 5.50296], [-56.57419, 5.49763], [-56.57001, 5.4968], [-56.56458, 5.49947], [-56.55756, 5.49844], [-56.54941, 5.4923], [-56.54297, 5.49024], [-56.5406, 5.48714], [-56.5406, 5.47808], [-56.53736, 5.46784], [-56.53233, 5.46158], [-56.52559, 5.45747], [-56.52327, 5.45296], [-56.52881, 5.44504], [-56.54319, 5.43241], [-56.54831, 5.43116], [-56.55572, 5.43496], [-56.55883, 5.43164], [-56.56079, 5.42558], [-56.55641, 5.41934], [-56.54673, 5.41073], [-56.54503, 5.39603], [-56.54722, 5.39432], [-56.55676, 5.39412], [-56.56673, 5.39015], [-56.56752, 5.38556], [-56.56591, 5.37474], [-56.56366, 5.37251], [-56.55475, 5.37414], [-56.5508, 5.38199], [-56.54128, 5.38426], [-56.53439, 5.38112], [-56.52711, 5.37276], [-56.51649, 5.36844], [-56.5112, 5.36967], [-56.50742, 5.37685], [-56.51367, 5.3868], [-56.51532, 5.39983], [-56.51927, 5.40814], [-56.51626, 5.41316], [-56.50666, 5.41322], [-56.50153, 5.41044], [-56.49954, 5.40284], [-56.49728, 5.40024], [-56.4941, 5.39959], [-56.4864, 5.40155], [-56.47055, 5.39362], [-56.47082, 5.39015], [-56.48376, 5.3788], [-56.4859, 5.37031], [-56.49114, 5.36441], [-56.49224, 5.35737], [-56.4892, 5.35602], [-56.4763, 5.3568], [-56.46669, 5.35456], [-56.45684, 5.35726], [-56.45714, 5.33674], [-56.46198, 5.336], [-56.46819, 5.33916], [-56.47765, 5.33248], [-56.4899, 5.33132], [-56.49388, 5.32605], [-56.7286, 5.34868], [-57.06568, 5.26714], [-57.06778, 5.26339], [-57.07425, 5.26362], [-57.07564, 5.26611], [-57.07855, 5.2632], [-57.08251, 5.26357], [-57.08675, 5.26026], [-57.09734, 5.25957], [-57.10834, 5.26169], [-57.12141, 5.26915], [-57.12899, 5.27858], [-57.1468, 5.28497], [-57.14955, 5.28298], [-57.14992, 5.27766], [-57.16725, 5.27105], [-57.17174, 5.27199], [-57.1715, 5.27416], [-57.17314, 5.2751], [-57.18763, 5.26947], [-57.19458, 5.27066], [-57.19852, 5.26781], [-57.19945, 5.2708], [-57.20277, 5.27052], [-57.21154, 5.26461], [-57.21166, 5.26131], [-57.21972, 5.25309], [-57.2294, 5.26387], [-57.25229, 5.27649], [-57.26476, 5.26942], [-57.26794, 5.26338], [-57.26607, 5.25394], [-57.25945, 5.24712], [-57.25292, 5.23524], [-57.25199, 5.23036], [-57.25485, 5.2239], [-57.26287, 5.21987], [-57.26631, 5.2222], [-57.27527, 5.22213], [-57.28024, 5.22489], [-57.28508, 5.23376], [-57.29207, 5.2395], [-57.29644, 5.24976], [-57.29825, 5.27737], [-57.29539, 5.2899], [-57.28931, 5.30262], [-57.28963, 5.31716], [-57.29139, 5.32182], [-57.31177, 5.31384], [-57.32438, 5.31104], [-57.33129, 5.31107], [-57.33874, 5.3158], [-57.34176, 5.32575], [-57.33813, 5.33392], [-57.33224, 5.34032], [-57.32757, 5.35056], [-57.31485, 5.36065], [-57.30665, 5.36464], [-57.29635, 5.37339], [-57.28543, 5.3796], [-57.27381, 5.39273], [-57.26896, 5.40693], [-57.26924, 5.42943], [-57.2698, 5.43449], [-57.27421, 5.43691], [-57.27543, 5.44118], [-57.27045, 5.45528], [-57.26935, 5.46741], [-57.26302, 5.48408], [-57.24852, 5.49852], [-57.23347, 5.50959], [-57.21342, 5.53279], [-57.19819, 5.55326], [-57.17954, 5.59075], [-57.17187, 5.60299], [-57.16475, 5.62777], [-57.16282, 5.64917], [-57.16769, 5.65929], [-57.16784, 5.66432], [-57.16089, 5.69638], [-57.1614, 5.70284], [-57.17696, 5.72327], [-57.18302, 5.73902], [-57.18345, 5.7452], [-57.17862, 5.76121], [-57.17045, 5.77806], [-57.17064, 5.79547], [-57.16767, 5.80969], [-57.14921, 5.84534], [-57.14423, 5.86369], [-57.13925, 5.87453], [-57.13539, 5.89364], [-57.13553, 5.90035], [-57.14109, 5.92545], [-57.14062, 5.9531], [-57.14457, 5.96506], [-57.1429, 5.96662], [-57.14434, 5.98852], [-57.1557, 6.01975], [-57.16157, 6.05146], [-57.06473, 6.03455], [-56.94424, 6.00631], [-56.93834, 6.00349], [-56.92731, 6.00168], [-56.92326, 5.99817], [-56.91287, 5.99706], [-56.91137, 5.99487], [-56.90745, 5.99486], [-56.90657, 5.99277], [-56.89812, 5.993], [-56.89231, 5.98992], [-56.87317, 5.98754], [-56.86294, 5.98358], [-56.85668, 5.98306], [-56.85452, 5.9802], [-56.84777, 5.97806], [-56.82621, 5.97669], [-56.82074, 5.97579], [-56.81803, 5.97365], [-56.79078, 5.97051], [-56.77868, 5.97171], [-56.73184, 5.97035], [-56.71406, 5.97195], [-56.70969, 5.96987], [-56.68674, 5.96576], [-56.68268, 5.96801], [-56.67821, 5.96766], [-56.64169, 5.95696], [-56.62904, 5.95668], [-56.63194, 5.9559], [-56.63108, 5.95445], [-56.6254, 5.95278], [-56.61523, 5.95214], [-56.61286, 5.95034], [-56.60949, 5.95145], [-56.60752, 5.94892], [-56.60365, 5.9491], [-56.60317, 5.76035], [-56.60747, 5.74684], [-56.60581, 5.74132], [-56.59669, 5.72632], [-56.59267, 5.72166], [-56.58704, 5.71993]]]}}, {"type": "Feature", "properties": {"code": "COR", "district": "Coronie"}, "geometry": {"type": "Polygon", "coordinates": [[[-56.45714, 5.33674], [-56.45684, 5.35726], [-56.46669, 5.35456], [-56.4763, 5.3568], [-56.4892, 5.35602], [-56.49224, 5.35737], [-56.49114, 5.36441], [-56.4859, 5.37031], [-56.48376, 5.3788], [-56.47082, 5.39015], [-56.47055, 5.39362], [-56.4864, 5.40155], [-56.4941, 5.39959], [-56.49728, 5.40024], [-56.49954, 5.40284], [-56.50057, 5.40897], [-56.50496, 5.41262], [-56.51538, 5.41345], [-56.51927, 5.40814], [-56.51532, 5.39983], [-56.51367, 5.3868], [-56.50742, 5.37685], [-56.5112, 5.36967], [-56.51649, 5.36844], [-56.52711, 5.37276], [-56.53439, 5.38112], [-56.54128, 5.38426], [-56.5508, 5.38199], [-56.55395, 5.37475], [-56.55798, 5.37314], [-56.56434, 5.37268], [-56.56664, 5.37731], [-56.56673, 5.39015], [-56.55676, 5.39412], [-56.54722, 5.39432], [-56.54503, 5.39603], [-56.54673, 5.41073], [-56.55641, 5.41934], [-56.56079, 5.42558], [-56.55793, 5.43326], [-56.55572, 5.43496], [-56.5486, 5.43122], [-56.54347, 5.43225], [-56.52881, 5.44504], [-56.52327, 5.45296], [-56.52559, 5.45747], [-56.53233, 5.46158], [-56.53736, 5.46784], [-56.5406, 5.47808], [-56.5406, 5.48714], [-56.54297, 5.49024], [-56.54941, 5.4923], [-56.55756, 5.49844], [-56.56458, 5.49947], [-56.57001, 5.4968], [-56.57419, 5.49763], [-56.57838, 5.50296], [-56.58102, 5.51111], [-56.58708, 5.51664], [-56.58778, 5.52031], [-56.5839, 5.52564], [-56.57531, 5.53033], [-56.57104, 5.53859], [-56.56645, 5.54058], [-56.55935, 5.53787], [-56.55048, 5.5374], [-56.54571, 5.53182], [-56.54123, 5.53122], [-56.53297, 5.54043], [-56.53207, 5.54742], [-56.52686, 5.55162], [-56.51774, 5.54736], [-56.51629, 5.54177], [-56.51193, 5.53806], [-56.49636, 5.53171], [-56.49192, 5.53287], [-56.4902, 5.53982], [-56.49041, 5.54284], [-56.49485, 5.54945], [-56.49293, 5.5565], [-56.49348, 5.56105], [-56.49962, 5.57268], [-56.50781, 5.57786], [-56.51044, 5.58533], [-56.51428, 5.58897], [-56.51952, 5.59217], [-56.52573, 5.59173], [-56.52905, 5.59411], [-56.53518, 5.60276], [-56.53334, 5.60945], [-56.53398, 5.6124], [-56.53943, 5.61901], [-56.54494, 5.62154], [-56.54843, 5.62663], [-56.54807, 5.63453], [-56.55018, 5.63848], [-56.55599, 5.64424], [-56.56289, 5.64409], [-56.56581, 5.64824], [-56.56791, 5.65702], [-56.56754, 5.66081], [-56.56484, 5.66472], [-56.56602, 5.67146], [-56.56772, 5.67637], [-56.57211, 5.6784], [-56.57383, 5.68181], [-56.57212, 5.6939], [-56.56539, 5.69805], [-56.56723, 5.70266], [-56.58191, 5.71898], [-56.58953, 5.71993], [-56.59324, 5.72211], [-56.5991, 5.72973], [-56.6073, 5.74542], [-56.60705, 5.75122], [-56.60317, 5.76035], [-56.60365, 5.9491], [-56.60051, 5.94794], [-56.59731, 5.9504], [-56.60056, 5.95194], [-56.58822, 5.95389], [-56.55624, 5.95061], [-56.54648, 5.9516], [-56.52957, 5.9448], [-56.52148, 5.94495], [-56.51394, 5.93939], [-56.49444, 5.93545], [-56.4855, 5.93666], [-56.47489, 5.93491], [-56.45345, 5.92843], [-56.44276, 5.92315], [-56.43882, 5.92352], [-56.43088, 5.92053], [-56.4241, 5.92097], [-56.41836, 5.91818], [-56.41221, 5.91914], [-56.40323, 5.91397], [-56.39749, 5.91441], [-56.39205, 5.91221], [-56.38921, 5.90958], [-56.37893, 5.90912], [-56.37194, 5.90566], [-56.36748, 5.90587], [-56.36384, 5.90322], [-56.35175, 5.9025], [-56.34733, 5.89941], [-56.34439, 5.90023], [-56.3432, 5.89829], [-56.34005, 5.89925], [-56.33525, 5.89616], [-56.33313, 5.89851], [-56.32458, 5.89833], [-56.31413, 5.892], [-56.27476, 5.88118], [-56.27202, 5.88153], [-56.26519, 5.87554], [-56.25783, 5.87489], [-56.25582, 5.87069], [-56.24392, 5.87469], [-56.23466, 5.87213], [-56.23084, 5.87344], [-56.22062, 5.87123], [-56.21436, 5.87298], [-56.20983, 5.87241], [-56.2066, 5.87125], [-56.20664, 5.86976], [-56.2057, 5.87062], [-56.20359, 5.86767], [-56.20598, 5.87105], [-56.2049, 5.87289], [-56.19919, 5.86739], [-56.18347, 5.86088], [-56.15473, 5.85611], [-56.15439, 5.85315], [-56.15364, 5.85484], [-56.14939, 5.85538], [-56.13903, 5.85203], [-56.1323, 5.85121], [-56.13193, 5.85233], [-56.12013, 5.8478], [-56.11639, 5.84789], [-56.11516, 5.84595], [-56.10396, 5.84419], [-56.09834, 5.84081], [-56.08697, 5.83902], [-56.08588, 5.83732], [-56.08331, 5.83841], [-56.08633, 5.83694], [-56.08259, 5.83521], [-56.08127, 5.83709], [-56.06687, 5.83407], [-56.06421, 5.83193], [-56.06598, 5.82889], [-56.0592, 5.8327], [-56.05589, 5.83027], [-56.05117, 5.82977], [-56.04012, 5.82271], [-56.02765, 5.8209], [-56.0172, 5.81706], [-55.98747, 5.81252], [-55.97268, 5.80771], [-55.9557, 5.8065], [-55.93338, 5.79798], [-55.91635, 5.78503], [-55.9105, 5.7783], [-55.89455, 5.75373], [-55.88879, 5.73384], [-55.89625, 5.68147], [-55.89899, 5.67219], [-55.90389, 5.66343], [-55.90693, 5.66208], [-55.93316, 5.66608], [-55.94585, 5.66504], [-55.96008, 5.66114], [-55.96947, 5.65338], [-55.97385, 5.64093], [-55.97145, 5.62527], [-55.96515, 5.61222], [-55.96193, 5.59813], [-55.95867, 5.59088], [-55.95134, 5.58389], [-55.92779, 5.57327], [-55.91793, 5.56592], [-55.91012, 5.54919], [-55.9097, 5.54291], [-55.91321, 5.53853], [-55.91871, 5.53534], [-55.92518, 5.53382], [-55.95454, 5.53257], [-55.96287, 5.5292], [-55.96891, 5.52422], [-55.97249, 5.51923], [-55.97201, 5.51524], [-55.96693, 5.5072], [-55.95486, 5.49815], [-55.95255, 5.49233], [-55.95374, 5.48358], [-55.95707, 5.48004], [-55.9667, 5.48426], [-55.97561, 5.48324], [-55.98018, 5.48004], [-55.99327, 5.46525], [-56.00525, 5.46327], [-56.01064, 5.46032], [-56.0127, 5.45459], [-56.00989, 5.43966], [-56.01078, 5.43528], [-56.01553, 5.43482], [-56.02389, 5.43852], [-56.02988, 5.43925], [-56.03603, 5.4354], [-56.03764, 5.43824], [-56.04446, 5.44094], [-56.0487, 5.4377], [-56.04938, 5.43004], [-56.04494, 5.41461], [-56.05239, 5.40958], [-56.05322, 5.40646], [-56.04724, 5.40312], [-56.04625, 5.39777], [-56.04818, 5.39651], [-56.05355, 5.39919], [-56.05834, 5.39766], [-56.05692, 5.39152], [-56.0536, 5.3862], [-56.0552, 5.3822], [-56.06973, 5.38005], [-56.0763, 5.38133], [-56.07673, 5.39122], [-56.07917, 5.39518], [-56.0818, 5.39636], [-56.08706, 5.38465], [-56.09214, 5.38291], [-56.10098, 5.38605], [-56.10338, 5.38273], [-56.10449, 5.37719], [-56.11136, 5.37802], [-56.11825, 5.3765], [-56.12296, 5.36692], [-56.13288, 5.36536], [-56.13088, 5.35852], [-56.13346, 5.3545], [-56.13342, 5.3457], [-56.13905, 5.34846], [-56.14294, 5.34666], [-56.14892, 5.33609], [-56.15236, 5.32158], [-56.15956, 5.32078], [-56.16666, 5.32818], [-56.17022, 5.32884], [-56.17479, 5.32736], [-56.17881, 5.33136], [-56.18204, 5.32693], [-56.18745, 5.32924], [-56.1923, 5.32721], [-56.19483, 5.32799], [-56.19411, 5.33494], [-56.20213, 5.34629], [-56.21764, 5.33851], [-56.23966, 5.34163], [-56.24411, 5.33394], [-56.24931, 5.33604], [-56.26189, 5.36323], [-56.27001, 5.37325], [-56.27154, 5.37285], [-56.27265, 5.36709], [-56.27564, 5.37036], [-56.28201, 5.37058], [-56.28355, 5.37663], [-56.28753, 5.37952], [-56.28945, 5.38483], [-56.2946, 5.38569], [-56.29817, 5.39044], [-56.30678, 5.39012], [-56.31098, 5.39218], [-56.31478, 5.4017], [-56.31727, 5.403], [-56.31554, 5.40812], [-56.31658, 5.41035], [-56.3163, 5.40551], [-56.318, 5.40291], [-56.31511, 5.40152], [-56.31598, 5.39825], [-56.31931, 5.39708], [-56.32023, 5.393], [-56.32281, 5.39063], [-56.32636, 5.39193], [-56.33143, 5.38836], [-56.33259, 5.38581], [-56.33728, 5.38478], [-56.3367, 5.38239], [-56.33941, 5.37787], [-56.34464, 5.37495], [-56.34502, 5.36891], [-56.34345, 5.36505], [-56.34478, 5.35994], [-56.35132, 5.36278], [-56.35319, 5.35996], [-56.35847, 5.35951], [-56.36654, 5.35359], [-56.37015, 5.34213], [-56.37535, 5.34172], [-56.38058, 5.32995], [-56.3864, 5.32527], [-56.39091, 5.32336], [-56.39755, 5.32478], [-56.39667, 5.32709], [-56.4006, 5.32864], [-56.40226, 5.33286], [-56.4045, 5.33337], [-56.40476, 5.33661], [-56.40794, 5.3361], [-56.40954, 5.33916], [-56.41381, 5.3389], [-56.42616, 5.33379], [-56.43295, 5.33708], [-56.4381, 5.33714], [-56.43867, 5.33599], [-56.447, 5.33576], [-56.45529, 5.3334], [-56.45714, 5.33674]]]}}]}